date,precipitation
2016-01-01,4.058550912884526
2016-01-02,0.0
2016-01-03,2.147612327176777
2016-01-04,0.0
2016-01-05,1.9026588471740509
2016-01-06,0.0
2016-01-07,0.0
2016-01-08,0.18563165635561008
2016-01-09,0.0
2016-01-10,0.0
2016-01-11,0.0
2016-01-12,0.0
2016-01-13,0.0
2016-01-14,0.0
2016-01-15,0.0
2016-01-16,0.0
2016-01-17,0.0
2016-01-18,0.06877745806461734
2016-01-19,3.7244942998915973
2016-01-20,0.0
2016-01-21,0.0
2016-01-22,0.0
2016-01-23,0.0
2016-01-24,0.0
2016-01-25,0.0
2016-01-26,0.0
2016-01-27,0.0
2016-01-28,0.0
2016-01-29,0.0
2016-01-30,0.0
2016-01-31,0.0
2016-02-01,0.0
2016-02-02,0.0
2016-02-03,0.0
2016-02-04,0.0
2016-02-05,0.0
2016-02-06,0.0
2016-02-07,0.0
2016-02-08,4.0239464822379825
2016-02-09,0.0
2016-02-10,0.0
2016-02-11,0.0
2016-02-12,0.0
2016-02-13,0.0
2016-02-14,0.0
2016-02-15,3.230172290903521
2016-02-16,0.0
2016-02-17,0.0
2016-02-18,0.0
2016-02-19,0.0
2016-02-20,0.0
2016-02-21,0.0
2016-02-22,0.0
2016-02-23,0.0
2016-02-24,0.0
2016-02-25,0.0
2016-02-26,0.36153712374162295
2016-02-27,0.0
2016-02-28,0.5116676354900928
2016-02-29,0.0
2016-03-01,7.235505163930847
2016-03-02,0.0
2016-03-03,0.0
2016-03-04,0.0
2016-03-05,7.235505163930847
2016-03-06,0.0
2016-03-07,0.0
2016-03-08,6.618500470891176
2016-03-09,1.4019900251345556
2016-03-10,0.0
2016-03-11,0.0
2016-03-12,2.6059785487880247
2016-03-13,19.16187472662929
2016-03-14,6.779172965863682
2016-03-15,0.0
2016-03-16,0.0
2016-03-17,7.315511658554462
2016-03-18,5.772635497670662
2016-03-19,0.0
2016-03-20,0.0
2016-03-21,9.616499746151844
2016-03-22,0.0
2016-03-23,0.0
2016-03-24,20.29802496999073
2016-03-25,0.0
2016-03-26,0.0
2016-03-27,1.3058639821516551
2016-03-28,0.0
2016-03-29,0.0
2016-03-30,6.859783139613994
2016-03-31,0.0
2016-04-01,7.340724738001004
2016-04-02,6.155318949471884
2016-04-03,2.571734947417778
2016-04-04,0.0
2016-04-05,0.0
2016-04-06,16.356107499200856
2016-04-07,0.0
2016-04-08,0.0
2016-04-09,18.22322866091075
2016-04-10,0.0
2016-04-11,0.0
2016-04-12,0.0
2016-04-13,0.0
2016-04-14,0.0
2016-04-15,17.488889233201615
2016-04-16,0.0
2016-04-17,6.997353243245584
2016-04-18,0.0
2016-04-19,2.0327478200103917
2016-04-20,0.0
2016-04-21,0.0
2016-04-22,0.0
2016-04-23,0.0
2016-04-24,0.0
2016-04-25,4.246945521573239
2016-04-26,0.0
2016-04-27,0.0
2016-04-28,26.329883537817995
2016-04-29,0.0
2016-04-30,0.0
2016-05-01,0.0
2016-05-02,0.0
2016-05-03,13.315738876536257
2016-05-04,5.290849874821318
2016-05-05,0.0
2016-05-06,5.702745566983185
2016-05-07,0.854849137958319
2016-05-08,9.015553598188951
2016-05-09,0.0
2016-05-10,11.991457086096128
2016-05-11,0.0
2016-05-12,22.107717274574473
2016-05-13,0.0
2016-05-14,10.198609683539024
2016-05-15,30.718995643094996
2016-05-16,0.0
2016-05-17,6.247129982235884
2016-05-18,7.785714790831527
2016-05-19,4.383149001922321
2016-05-20,0.0
2016-05-21,23.68365440296992
2016-05-22,22.62977988195927
2016-05-23,14.08283839751276
2016-05-24,0.0
2016-05-25,18.681407217540517
2016-05-26,0.0
2016-05-27,0.0
2016-05-28,12.042517633832242
2016-05-29,15.989910151111987
2016-05-30,9.537055573317136
2016-05-31,11.611461354257472
2016-06-01,0.0
2016-06-02,20.793059158564063
2016-06-03,0.0
2016-06-04,0.0
2016-06-05,0.024402813382945962
2016-06-06,0.0
2016-06-07,23.570454639871944
2016-06-08,0.0
2016-06-09,29.052409492139155
2016-06-10,0.0
2016-06-11,8.263620856409903
2016-06-12,24.159328172262118
2016-06-13,0.0
2016-06-14,5.932389887706444
2016-06-15,42.53412878505872
2016-06-16,0.6626118035635953
2016-06-17,0.0
2016-06-18,16.990312920858806
2016-06-19,23.107805762950825
2016-06-20,16.774744226100974
2016-06-21,18.210782794259682
2016-06-22,0.756385394313146
2016-06-23,0.0
2016-06-24,4.926981387619087
2016-06-25,0.0
2016-06-26,0.0
2016-06-27,13.272749779593148
2016-06-28,0.0
2016-06-29,0.0
2016-06-30,0.0
2016-07-01,0.0
2016-07-02,0.0
2016-07-03,0.0
2016-07-04,0.0
2016-07-05,0.0
2016-07-06,0.0
2016-07-07,0.0
2016-07-08,1.2005571379987017
2016-07-09,7.125149392753225
2016-07-10,2.245240012929077
2016-07-11,0.0
2016-07-12,0.0
2016-07-13,0.0
2016-07-14,0.0
2016-07-15,0.0
2016-07-16,6.312715390061467
2016-07-17,0.0
2016-07-18,0.0
2016-07-19,0.0
2016-07-20,0.0
2016-07-21,0.0
2016-07-22,15.681719097407376
2016-07-23,31.773418342910425
2016-07-24,14.986055329955217
2016-07-25,0.0
2016-07-26,0.0
2016-07-27,6.032764357182856
2016-07-28,0.0
2016-07-29,0.0
2016-07-30,4.571010600796475
2016-07-31,0.0
2016-08-01,0.0
2016-08-02,0.0
2016-08-03,0.0
2016-08-04,0.0
2016-08-05,0.17798109620380345
2016-08-06,1.573645273894165
2016-08-07,0.0
2016-08-08,0.0
2016-08-09,0.0
2016-08-10,0.0
2016-08-11,0.0
2016-08-12,0.0
2016-08-13,0.0
2016-08-14,5.079343987317404
2016-08-15,0.61570375877839
2016-08-16,0.0
2016-08-17,0.0
2016-08-18,0.0
2016-08-19,25.90554666549023
2016-08-20,0.0
2016-08-21,0.0
2016-08-22,0.0
2016-08-23,0.0
2016-08-24,0.0
2016-08-25,0.0
2016-08-26,0.0
2016-08-27,6.823385420783134
2016-08-28,55.19940934034909
2016-08-29,0.0
2016-08-30,0.7218822247547587
2016-08-31,0.0
2016-09-01,6.769245386272949
2016-09-02,3.496754659438925
2016-09-03,0.0
2016-09-04,0.0
2016-09-05,12.811231497756825
2016-09-06,13.21942942382846
2016-09-07,1.8035605674843982
2016-09-08,1.491599950554525
2016-09-09,0.5742808490077183
2016-09-10,13.534035333336037
2016-09-11,16.09632454085664
2016-09-12,0.0
2016-09-13,5.1132555637944845
2016-09-14,24.08124305877973
2016-09-15,0.0
2016-09-16,9.122948825993834
2016-09-17,8.401495555825136
2016-09-18,0.0
2016-09-19,18.24589765198767
2016-09-20,9.441793030922161
2016-09-21,17.640373599029143
2016-09-22,0.6297091918209604
2016-09-23,2.22877556051996
2016-09-24,13.456376630959843
2016-09-25,10.534063763072064
2016-09-26,9.917804139065014
2016-09-27,1.2642013550401854
2016-09-28,0.0
2016-09-29,6.5695859461780195
2016-09-30,22.875186908222695
2016-10-01,10.396192304477445
2016-10-02,2.829985357032542
2016-10-03,0.0
2016-10-04,10.347716361340243
2016-10-05,0.0
2016-10-06,0.0
2016-10-07,20.320375031953166
2016-10-08,31.500506189068044
2016-10-09,17.307523617538425
2016-10-10,0.0
2016-10-11,11.537258475291114
2016-10-12,2.098290846806134
2016-10-13,11.573604084210764
2016-10-14,9.256029698575523
2016-10-15,9.13765787555788
2016-10-16,2.790406644829528
2016-10-17,0.0
2016-10-18,0.10325689889075389
2016-10-19,26.581905012065057
2016-10-20,0.0
2016-10-21,16.597524195666907
2016-10-22,22.69708492312494
2016-10-23,15.68319850245639
2016-10-24,11.02788134149708
2016-10-25,0.0
2016-10-26,14.564396533655543
2016-10-27,0.0
2016-10-28,7.84904085432804
2016-10-29,10.210146149173706
2016-10-30,11.82100286973441
2016-10-31,11.205505415582628
2016-11-01,1.2767691268873127
2016-11-02,5.487150865640205
2016-11-03,8.660177524043533
2016-11-04,0.12466535481648217
2016-11-05,3.211475796377055
2016-11-06,0.10522614304692432
2016-11-07,0.03893188856957328
2016-11-08,6.010044995291802
2016-11-09,0.0
2016-11-10,0.0
2016-11-11,0.0
2016-11-12,0.0
2016-11-13,0.0
2016-11-14,0.0
2016-11-15,0.0
2016-11-16,0.0
2016-11-17,0.0
2016-11-18,3.0055138844583813
2016-11-19,3.9610947748236764
2016-11-20,0.0
2016-11-21,1.4947528816717601
2016-11-22,0.12735401203129243
2016-11-23,4.237684667744933
2016-11-24,0.0
2016-11-25,0.0
2016-11-26,0.07737483661773435
2016-11-27,0.0
2016-11-28,2.4209737102165776
2016-11-29,2.521585352807472
2016-11-30,0.0
2016-12-01,0.0
2016-12-02,0.0
2016-12-03,0.0
2016-12-04,0.0
2016-12-05,1.3389096470571864
2016-12-06,0.0
2016-12-07,0.0
2016-12-08,0.0
2016-12-09,0.0
2016-12-10,2.159571961548154
2016-12-11,2.6508224206039435
2016-12-12,0.3807409876163258
2016-12-13,0.0
2016-12-14,1.2784004394494524
2016-12-15,0.0
2016-12-16,0.0
2016-12-17,0.0
2016-12-18,0.0
2016-12-19,0.0
2016-12-20,0.0
2016-12-21,0.0
2016-12-22,0.0
2016-12-23,0.0
2016-12-24,0.0
2016-12-25,0.0
2016-12-26,0.0
2016-12-27,0.0
2016-12-28,0.0
2016-12-29,0.0
2016-12-30,0.0
2016-12-31,0.0
2017-01-01,0.0
2017-01-02,0.0
2017-01-03,0.0
2017-01-04,0.0
2017-01-05,0.0
2017-01-06,0.0
2017-01-07,0.0
2017-01-08,0.0
2017-01-09,0.0
2017-01-10,0.0
2017-01-11,0.0
2017-01-12,0.0
2017-01-13,0.09357940226923922
2017-01-14,0.0
2017-01-15,0.10115387209072366
2017-01-16,0.11457705214087788
2017-01-17,0.0
2017-01-18,0.0
2017-01-19,0.0
2017-01-20,0.0
2017-01-21,0.0
2017-01-22,0.0
2017-01-23,0.0
2017-01-24,4.98495029791042
2017-01-25,0.0
2017-01-26,0.0
2017-01-27,0.0
2017-01-28,0.0
2017-01-29,0.0
2017-01-30,1.1675385279661428
2017-01-31,2.9998082880982784
2017-02-01,2.2851662782482163
2017-02-02,0.0
2017-02-03,0.0
2017-02-04,0.0
2017-02-05,0.0
2017-02-06,0.0
2017-02-07,0.0
2017-02-08,0.0
2017-02-09,7.280716138253305
2017-02-10,0.0
2017-02-11,0.0
2017-02-12,0.0
2017-02-13,0.0
2017-02-14,0.0
2017-02-15,0.0
2017-02-16,0.0
2017-02-17,0.0
2017-02-18,0.0
2017-02-19,0.0
2017-02-20,0.0
2017-02-21,0.0
2017-02-22,0.0
2017-02-23,0.0
2017-02-24,0.0
2017-02-25,0.0
2017-02-26,1.93917449806807
2017-02-27,0.0
2017-02-28,0.0
2017-03-01,0.36808031700369576
2017-03-02,0.0
2017-03-03,2.2531367157053483
2017-03-04,1.1120118469317108
2017-03-05,0.26589803559076963
2017-03-06,7.416134763973241
2017-03-07,0.0
2017-03-08,0.0
2017-03-09,3.1781717922512858
2017-03-10,3.281271295242931
2017-03-11,0.0
2017-03-12,2.4758428245988133
2017-03-13,0.0
2017-03-14,0.0
2017-03-15,0.0
2017-03-16,0.0
2017-03-17,0.0
2017-03-18,0.0
2017-03-19,0.0
2017-03-20,2.778830397703832
2017-03-21,3.591869392839909
2017-03-22,0.0
2017-03-23,7.183738785679818
2017-03-24,3.591869392839909
2017-03-25,3.6980505827895995
2017-03-26,0.979020294429514
2017-03-27,0.0
2017-03-28,0.0
2017-03-29,0.0
2017-03-30,0.30002282885513837
2017-03-31,0.979020294429514
2017-04-01,1.3738310234428723
2017-04-02,2.3564269881212647
2017-04-03,1.1049111485108036
2017-04-04,0.526417869437689
2017-04-05,2.7476620468857447
2017-04-06,1.7836394293575493
2017-04-07,0.24629451775819566
2017-04-08,1.3112392702846134
2017-04-09,2.4573316633066837
2017-04-10,0.0
2017-04-11,2.960489516304521
2017-04-12,1.9591288008612253
2017-04-13,7.830391225474437
2017-04-14,8.826621367025169
2017-04-15,2.37833299387524
2017-04-16,4.144429755643822
2017-04-17,0.0
2017-04-18,0.0
2017-04-19,0.0
2017-04-20,10.249024402520474
2017-04-21,0.9105083074656292
2017-04-22,0.0
2017-04-23,1.717146934664989
2017-04-24,0.10688769927454803
2017-04-25,1.100578453198178
2017-04-26,0.0
2017-04-27,0.0
2017-04-28,0.0
2017-04-29,0.0
2017-04-30,0.0
2017-05-01,21.924527943992736
2017-05-02,12.902127079465053
2017-05-03,0.0
2017-05-04,8.920339239636437
2017-05-05,8.986515637853405
2017-05-06,6.881124166525673
2017-05-07,13.762248333051346
2017-05-08,0.0
2017-05-09,0.5761139761602873
2017-05-10,0.0
2017-05-11,21.734463293401618
2017-05-12,0.0
2017-05-13,10.97614240616504
2017-05-14,0.0
2017-05-15,1.5925373412999948
2017-05-16,26.192034504603214
2017-05-17,0.0
2017-05-18,2.7945711790358345
2017-05-19,5.949240269628106
2017-05-20,5.934510035894032
2017-05-21,0.0
2017-05-22,0.0
2017-05-23,2.0558578042440594
2017-05-24,0.0
2017-05-25,14.320800584483761
2017-05-26,5.565523168035948
2017-05-27,0.0
2017-05-28,5.933164820345627
2017-05-29,6.413266092669465
2017-05-30,6.094654920478875
2017-05-31,14.29189696786698
2017-06-01,0.0
2017-06-02,21.322613872881607
2017-06-03,35.16424942434619
2017-06-04,15.057201690351363
2017-06-05,10.218943465106848
2017-06-06,20.468838076630313
2017-06-07,0.2110504593487897
2017-06-08,2.744638454787195
2017-06-09,17.403202773185544
2017-06-10,6.299417377190063
2017-06-11,25.404800405185828
2017-06-12,36.67206509350686
2017-06-13,22.46354771974166
2017-06-14,9.176180461532411
2017-06-15,11.090340229146692
2017-06-16,8.558170390114162
2017-06-17,8.53046496166762
2017-06-18,13.607041275941667
2017-06-19,0.7545193023956338
2017-06-20,19.98733363691986
2017-06-21,0.0
2017-06-22,19.80019108593725
2017-06-23,18.51401237674109
2017-06-24,22.49645916969238
2017-06-25,11.771198020700973
2017-06-26,13.530468350436143
2017-06-27,0.0
2017-06-28,1.6550895548195266
2017-06-29,24.008064291517517
2017-06-30,13.296205794131975
2017-07-01,15.595178288523678
2017-07-02,0.0
2017-07-03,24.958001515084536
2017-07-04,8.324143403309469
2017-07-05,21.732125263178286
2017-07-06,7.949638445525149
2017-07-07,0.0
2017-07-08,39.97053574410991
2017-07-09,28.49201374077843
2017-07-10,0.0
2017-07-11,0.0
2017-07-12,0.0
2017-07-13,0.0
2017-07-14,0.0
2017-07-15,0.0
2017-07-16,5.883501193638362
2017-07-17,17.463704981950205
2017-07-18,0.0
2017-07-19,2.813512651339575
2017-07-20,0.0
2017-07-21,8.030995337307717
2017-07-22,37.60862832078355
2017-07-23,0.0
2017-07-24,0.0
2017-07-25,0.0
2017-07-26,0.0
2017-07-27,0.0
2017-07-28,1.0182450331220347
2017-07-29,0.0
2017-07-30,0.0
2017-07-31,0.0
2017-08-01,3.525936813897914
2017-08-02,0.0
2017-08-03,19.605517844371523
2017-08-04,1.0726938243201918
2017-08-05,0.0
2017-08-06,0.0
2017-08-07,0.0
2017-08-08,0.0
2017-08-09,0.0
2017-08-10,0.0
2017-08-11,0.0
2017-08-12,1.1474553708665882
2017-08-13,0.0
2017-08-14,0.0
2017-08-15,0.0
2017-08-16,21.132663605581918
2017-08-17,1.3204420719134786
2017-08-18,0.0
2017-08-19,0.0
2017-08-20,0.0
2017-08-21,0.0
2017-08-22,0.0
2017-08-23,0.0
2017-08-24,0.0
2017-08-25,22.279461400838812
2017-08-26,0.0
2017-08-27,0.0
2017-08-28,0.0
2017-08-29,5.141216657276668
2017-08-30,0.0
2017-08-31,0.0
2017-09-01,0.0
2017-09-02,0.0
2017-09-03,2.396407946990891
2017-09-04,0.0
2017-09-05,0.0
2017-09-06,0.0
2017-09-07,9.04522437547697
2017-09-08,0.0
2017-09-09,0.0
2017-09-10,5.363443619770488
2017-09-11,35.09490136795666
2017-09-12,0.0
2017-09-13,12.189901334610898
2017-09-14,0.0
2017-09-15,0.0
2017-09-16,2.6366370693922194
2017-09-17,0.0
2017-09-18,0.0
2017-09-19,0.0
2017-09-20,0.0
2017-09-21,0.0
2017-09-22,0.0
2017-09-23,0.0
2017-09-24,14.5306394827239
2017-09-25,20.38902605811581
2017-09-26,15.890265740374888
2017-09-27,0.0
2017-09-28,13.11607022813954
2017-09-29,0.0
2017-09-30,0.14464465155031211
2017-10-01,0.8354446749875304
2017-10-02,1.8263728232703214
2017-10-03,0.0
2017-10-04,5.787785660496487
2017-10-05,3.1461007078513554
2017-10-06,0.0
2017-10-07,9.895038719989394
2017-10-08,2.384669636216997
2017-10-09,0.0
2017-10-10,8.677609296463098
2017-10-11,0.0
2017-10-12,9.464294354917111
2017-10-13,3.7720021934306245
2017-10-14,4.605586727634399
2017-10-15,1.671997322913775
2017-10-16,1.964764568345877
2017-10-17,0.0
2017-10-18,6.010146500844844
2017-10-19,0.0
2017-10-20,0.0
2017-10-21,0.0
2017-10-22,0.9345285764842312
2017-10-23,7.188924048345539
2017-10-24,0.0
2017-10-25,0.05830065727831053
2017-10-26,1.5343371353898863
2017-10-27,3.85722502806669
2017-10-28,2.957607162319726
2017-10-29,0.0
2017-10-30,0.0
2017-10-31,3.9194280123367276
2017-11-01,5.4509624850399145
2017-11-02,0.0
2017-11-03,0.2601776674679092
2017-11-04,6.274133528928572
2017-11-05,6.639287693693107
2017-11-06,0.159562863031625
2017-11-07,0.0
2017-11-08,0.0
2017-11-09,0.0
2017-11-10,0.0
2017-11-11,4.001282556324209
2017-11-12,1.5633377192090585
2017-11-13,0.0
2017-11-14,0.0
2017-11-15,0.0
2017-11-16,2.4441687195242836
2017-11-17,0.0
2017-11-18,1.705129556045282
2017-11-19,2.5385822939663742
2017-11-20,0.0
2017-11-21,0.0
2017-11-22,0.7493734480667354
2017-11-23,2.8996626349934655
2017-11-24,16.825187751779573
2017-11-25,8.386293750146665
2017-11-26,0.0
2017-11-27,0.0
2017-11-28,0.0
2017-11-29,0.0
2017-11-30,0.0
2017-12-01,0.0
2017-12-02,0.0
2017-12-03,0.0
2017-12-04,0.0
2017-12-05,0.0
2017-12-06,0.0
2017-12-07,6.022282150214213
2017-12-08,3.6481894070309404
2017-12-09,7.813179962099085
2017-12-10,0.0
2017-12-11,0.0
2017-12-12,0.0
2017-12-13,0.0
2017-12-14,0.0
2017-12-15,0.0
2017-12-16,0.0
2017-12-17,0.0
2017-12-18,0.0
2017-12-19,0.18403482104960128
2017-12-20,1.987329835658829
2017-12-21,0.0
2017-12-22,3.398441032013747
2017-12-23,0.08314766992832918
2017-12-24,0.0
2017-12-25,0.0
2017-12-26,0.0
2017-12-27,0.0
2017-12-28,0.0
2017-12-29,0.0
2017-12-30,0.0
2017-12-31,0.0
2018-01-01,0.0
2018-01-02,0.0
2018-01-03,0.0
2018-01-04,0.0
2018-01-05,0.0
2018-01-06,0.0
2018-01-07,0.0
2018-01-08,0.0
2018-01-09,0.0
2018-01-10,0.0
2018-01-11,0.0
2018-01-12,0.0
2018-01-13,0.0
2018-01-14,0.0
2018-01-15,0.0
2018-01-16,0.0
2018-01-17,0.0
2018-01-18,0.0
2018-01-19,0.0
2018-01-20,0.0
2018-01-21,0.0
2018-01-22,0.0
2018-01-23,0.0
2018-01-24,0.0
2018-01-25,1.7089659994515918
2018-01-26,0.0
2018-01-27,0.0
2018-01-28,0.0
2018-01-29,0.0
2018-01-30,0.0
2018-01-31,0.0
2018-02-01,0.0
2018-02-02,0.0
2018-02-03,0.0
2018-02-04,0.0
2018-02-05,0.0
2018-02-06,0.0
2018-02-07,3.301382695277483
2018-02-08,0.0
2018-02-09,6.287611489902084
2018-02-10,4.687231565163744
2018-02-11,13.091308283522196
2018-02-12,0.0
2018-02-13,0.0
2018-02-14,0.0
2018-02-15,1.1678820708877384
2018-02-16,0.0
2018-02-17,0.0
2018-02-18,10.62915200625798
2018-02-19,0.0
2018-02-20,6.185317901648351
2018-02-21,0.0
2018-02-22,0.0
2018-02-23,9.697618692460177
2018-02-24,19.970543174050942
2018-02-25,0.0
2018-02-26,11.645794603327479
2018-02-27,0.0
2018-02-28,2.7553103271692194
2018-03-01,0.0
2018-03-02,0.0
2018-03-03,0.0
2018-03-04,0.2289549374326588
2018-03-05,0.0
2018-03-06,0.0
2018-03-07,0.0
2018-03-08,9.0536694692386
2018-03-09,0.0
2018-03-10,0.0
2018-03-11,1.0671850631740145
2018-03-12,0.0
2018-03-13,0.0
2018-03-14,0.0
2018-03-15,0.0
2018-03-16,0.0
2018-03-17,10.394739117261095
2018-03-18,0.0
2018-03-19,0.604140564062182
2018-03-20,0.0
2018-03-21,4.985123305598423
2018-03-22,11.649936733054757
2018-03-23,14.353945105689425
2018-03-24,9.970246611196846
2018-03-25,9.948269486352663
2018-03-26,0.0
2018-03-27,0.0
2018-03-28,1.285894737888592
2018-03-29,11.453140144431746
2018-03-30,17.496469017857677
2018-03-31,2.53297410073994
2018-04-01,0.0
2018-04-02,0.0
2018-04-03,0.3417769894796979
2018-04-04,0.0
2018-04-05,0.4917857058733498
2018-04-06,1.723181066769843
2018-04-07,9.943692704327942
2018-04-08,15.227886506297402
2018-04-09,15.227886506297402
2018-04-10,7.613943253148701
2018-04-11,0.0
2018-04-12,0.0
2018-04-13,0.0
2018-04-14,1.9472612799072382
2018-04-15,10.10179867323444
2018-04-16,0.0
2018-04-17,0.0
2018-04-18,0.0
2018-04-19,0.0
2018-04-20,12.184053120645938
2018-04-21,0.0
2018-04-22,0.0
2018-04-23,0.0
2018-04-24,0.0
2018-04-25,4.082810623091912
2018-04-26,0.0
2018-04-27,0.0
2018-04-28,0.0
2018-04-29,0.0
2018-04-30,0.0
2018-05-01,0.0
2018-05-02,0.0
2018-05-03,16.51884323399591
2018-05-04,17.20678477744125
2018-05-05,13.384159983286805
2018-05-06,0.0
2018-05-07,0.0
2018-05-08,19.61240221965888
2018-05-09,0.0
2018-05-10,17.622803001606847
2018-05-11,21.418647552327805
2018-05-12,10.709323776163902
2018-05-13,0.0
2018-05-14,10.709323776163902
2018-05-15,0.0
2018-05-16,2.3583142136363
2018-05-17,22.641252635341925
2018-05-18,0.0
2018-05-19,0.0
2018-05-20,0.0
2018-05-21,0.0
2018-05-22,13.955069750342133
2018-05-23,0.0
2018-05-24,0.0
2018-05-25,26.72502186332708
2018-05-26,0.0
2018-05-27,0.2308969754462102
2018-05-28,0.0
2018-05-29,29.77558645548191
2018-05-30,0.0
2018-05-31,3.6924766413330965
2018-06-01,0.0
2018-06-02,4.398223466476054
2018-06-03,3.4157228797543553
2018-06-04,0.0
2018-06-05,0.0
2018-06-06,17.860578168237218
2018-06-07,0.0
2018-06-08,10.57674609487626
2018-06-09,30.75279211356032
2018-06-10,10.799083172715154
2018-06-11,0.0
2018-06-12,1.3364349892532073
2018-06-13,0.0
2018-06-14,14.014096718395813
2018-06-15,8.082089959791324
2018-06-16,13.202109855342522
2018-06-17,8.011110947590439
2018-06-18,29.98727488174391
2018-06-19,0.0
2018-06-20,13.576955141988336
2018-06-21,13.27023796656017
2018-06-22,0.0
2018-06-23,25.65430291324537
2018-06-24,3.4831605426355985
2018-06-25,0.0
2018-06-26,5.083102159822592
2018-06-27,0.0
2018-06-28,0.0
2018-06-29,0.5175904744703022
2018-06-30,12.776749778704563
2018-07-01,33.60003077961463
2018-07-02,0.0
2018-07-03,6.087708081763166
2018-07-04,0.4373498227197675
2018-07-05,12.204264128290271
2018-07-06,0.0
2018-07-07,11.389867190502551
2018-07-08,0.0
2018-07-09,0.0
2018-07-10,11.20593349621605
2018-07-11,11.065483997371247
2018-07-12,9.145071368554868
2018-07-13,30.489014306065435
2018-07-14,0.0
2018-07-15,1.6177597678894544
2018-07-16,2.529360825521318
2018-07-17,0.5118400780349952
2018-07-18,0.0
2018-07-19,0.0
2018-07-20,0.12895237929237285
2018-07-21,26.567572910784182
2018-07-22,0.0
2018-07-23,0.0
2018-07-24,1.7355869325459867
2018-07-25,0.0
2018-07-26,0.0
2018-07-27,0.0
2018-07-28,1.4920459855849402
2018-07-29,7.729391626066616
2018-07-30,0.0
2018-07-31,0.0
2018-08-01,0.0
2018-08-02,0.0
2018-08-03,0.0
2018-08-04,0.0
2018-08-05,0.0
2018-08-06,0.0
2018-08-07,0.0
2018-08-08,0.0
2018-08-09,0.0
2018-08-10,0.0
2018-08-11,0.0
2018-08-12,0.0
2018-08-13,38.71898277655346
2018-08-14,0.0
2018-08-15,0.0
2018-08-16,0.21023663877974325
2018-08-17,2.241800538136501
2018-08-18,2.415621734964303
2018-08-19,1.6052955458816618
2018-08-20,11.35877010026572
2018-08-21,7.014284016866571
2018-08-22,0.0
2018-08-23,17.183222965665664
2018-08-24,0.0
2018-08-25,0.0
2018-08-26,0.0
2018-08-27,0.0
2018-08-28,0.023854444380767958
2018-08-29,3.535245679808768
2018-08-30,0.0
2018-08-31,6.787490480455221
2018-09-01,4.901205589417452
2018-09-02,0.8590564871103077
2018-09-03,9.24634547105191
2018-09-04,0.0
2018-09-05,0.6852442579263437
2018-09-06,49.166571548452374
2018-09-07,43.89003510555778
2018-09-08,23.623306197379637
2018-09-09,12.946406947872234
2018-09-10,25.31244290912607
2018-09-11,2.9711349956975854
2018-09-12,0.0
2018-09-13,0.0
2018-09-14,0.0
2018-09-15,0.0
2018-09-16,14.241002235251365
2018-09-17,0.0
2018-09-18,2.807470449299535
2018-09-19,0.0
2018-09-20,10.003280008443836
2018-09-21,11.77302747692402
2018-09-22,8.062529105877385
2018-09-23,18.941356828829313
2018-09-24,0.0
2018-09-25,12.017933742210278
2018-09-26,11.698120256924378
2018-09-27,0.0
2018-09-28,3.5382706550187297
2018-09-29,6.128239490124459
2018-09-30,16.122269988134647
2018-10-01,9.602594810347298
2018-10-02,0.0
2018-10-03,4.795737197866423
2018-10-04,2.0912704402085165
2018-10-05,7.850312969874201
2018-10-06,7.680859282528824
2018-10-07,12.288483051784949
2018-10-08,13.655088413037877
2018-10-09,0.8653418943145982
2018-10-10,10.536623797867549
2018-10-11,12.193838045458236
2018-10-12,12.221250665434168
2018-10-13,0.0
2018-10-14,0.0
2018-10-15,4.951670698322351
2018-10-16,8.933049697613225
2018-10-17,0.0
2018-10-18,8.933049697613225
2018-10-19,7.99835490493679
2018-10-20,1.255883068760709
2018-10-21,0.5432188706466685
2018-10-22,14.796030997632817
2018-10-23,3.840425955107157
2018-10-24,4.658591899188072
2018-10-25,0.0
2018-10-26,5.7118558138702245
2018-10-27,7.095444518622566
2018-10-28,15.521208438712057
2018-10-29,39.43236272067821
2018-10-30,0.0
2018-10-31,0.0
2018-11-01,16.391663550136236
2018-11-02,14.48737750563983
2018-11-03,6.802962238667679
2018-11-04,3.752070732689979
2018-11-05,9.569526911677611
2018-11-06,10.012684635020232
2018-11-07,0.0
2018-11-08,0.09083213519512601
2018-11-09,0.0
2018-11-10,8.891285925114538
2018-11-11,0.9936987416178419
2018-11-12,8.813737624573873
2018-11-13,0.0
2018-11-14,0.0
2018-11-15,8.813737624573873
2018-11-16,0.0
2018-11-17,0.0
2018-11-18,2.4613643399461336
2018-11-19,2.4684309204742925
2018-11-20,0.2246360065195064
2018-11-21,0.0
2018-11-22,4.676728299803188
2018-11-23,1.0695374265789017
2018-11-24,0.0
2018-11-25,0.0
2018-11-26,0.0
2018-11-27,18.93427645212125
2018-11-28,0.0
2018-11-29,0.0
2018-11-30,0.0
2018-12-01,8.353256824692865
2018-12-02,0.0
2018-12-03,0.0
2018-12-04,0.5970318089743742
2018-12-05,0.0
2018-12-06,0.0
2018-12-07,0.0
2018-12-08,0.7280758148293685
2018-12-09,0.0
2018-12-10,0.3204063833245055
2018-12-11,0.0
2018-12-12,0.0
2018-12-13,0.0
2018-12-14,0.0
2018-12-15,0.0
2018-12-16,0.0
2018-12-17,0.0
2018-12-18,0.0
2018-12-19,0.0
2018-12-20,0.0
2018-12-21,1.214384800244214
2018-12-22,0.07820286222488043
2018-12-23,0.0
2018-12-24,0.005817612806820873
2018-12-25,0.03109726509453733
2018-12-26,0.0
2018-12-27,0.0
2018-12-28,0.0
2018-12-29,0.0
2018-12-30,0.0
2018-12-31,1.1589115469173559
2019-01-01,0.0
2019-01-02,0.0
2019-01-03,0.0
2019-01-04,0.0
2019-01-05,0.0
2019-01-06,0.0
2019-01-07,4.806010587258719
2019-01-08,0.0
2019-01-09,0.0
2019-01-10,0.0
2019-01-11,0.0
2019-01-12,0.0
2019-01-13,0.0
2019-01-14,0.0
2019-01-15,0.0
2019-01-16,2.7279973218197666
2019-01-17,0.0
2019-01-18,0.0
2019-01-19,0.0
2019-01-20,15.31128046164755
2019-01-21,4.655398039498326
2019-01-22,0.0
2019-01-23,12.564738458443527
2019-01-24,17.013541848344513
2019-01-25,0.0
2019-01-26,0.0
2019-01-27,0.0
2019-01-28,10.891275116706089
2019-01-29,0.28214008881288843
2019-01-30,22.462994088212927
2019-01-31,0.0
2019-02-01,0.0
2019-02-02,18.38150922313062
2019-02-03,0.0
2019-02-04,0.0
2019-02-05,0.0
2019-02-06,2.5443095230055963
2019-02-07,0.0
2019-02-08,5.612235731382854
2019-02-09,0.0
2019-02-10,0.0
2019-02-11,0.0
2019-02-12,0.0
2019-02-13,0.0
2019-02-14,0.0
2019-02-15,3.712080161125122
2019-02-16,0.0
2019-02-17,0.0
2019-02-18,0.0
2019-02-19,7.66478016351116
2019-02-20,0.0
2019-02-21,0.0
2019-02-22,0.29904305673645826
2019-02-23,9.589430965777108
2019-02-24,13.043184880846058
2019-02-25,8.483941799712017
2019-02-26,8.120370842623728
2019-02-27,0.0
2019-02-28,0.0
2019-03-01,13.008174237864575
2019-03-02,0.0
2019-03-03,0.0
2019-03-04,0.0
2019-03-05,0.0
2019-03-06,23.78461741206791
2019-03-07,0.0
2019-03-08,0.0
2019-03-09,0.0
2019-03-10,0.0
2019-03-11,0.0
2019-03-12,0.0
2019-03-13,0.0
2019-03-14,0.0
2019-03-15,2.4903858991138033
2019-03-16,6.404517403825345
2019-03-17,1.3569234936925574
2019-03-18,0.0
2019-03-19,0.0
2019-03-20,0.1230471667156566
2019-03-21,3.316444787220725
2019-03-22,12.324993486171527
2019-03-23,0.0
2019-03-24,8.216662341382404
2019-03-25,0.0
2019-03-26,0.0
2019-03-27,0.0
2019-03-28,0.6147829898835423
2019-03-29,2.952773709258365
2019-03-30,4.186484702318702
2019-03-31,3.430826147123658
2019-04-01,0.0
2019-04-02,0.0
2019-04-03,0.0
2019-04-04,13.179609501742544
2019-04-05,13.179609501742544
2019-04-06,0.7732964298018979
2019-04-07,17.04630055155841
2019-04-08,0.0
2019-04-09,4.249220996329989
2019-04-10,0.0
2019-04-11,13.988789072018832
2019-04-12,0.0
2019-04-13,12.544095892120918
2019-04-14,3.5236581728916745
2019-04-15,0.0
2019-04-16,0.0
2019-04-17,0.0
2019-04-18,1.2149409096018553
2019-04-19,0.0
2019-04-20,0.0
2019-04-21,0.05416394852372394
2019-04-22,2.2992475575854354
2019-04-23,4.760214910405685
2019-04-24,5.575367047328389
2019-04-25,3.211615794214071
2019-04-26,4.536078754035697
2019-04-27,0.06516270437461553
2019-04-28,0.0
2019-04-29,2.1523970584236394
2019-04-30,4.898762624638486
2019-05-01,0.0
2019-05-02,7.247771577231944
2019-05-03,3.4828886281869225
2019-05-04,8.471988944165322
2019-05-05,0.0
2019-05-06,0.0
2019-05-07,4.0092160386746585
2019-05-08,0.0
2019-05-09,26.95323959677833
2019-05-10,0.0
2019-05-11,16.525598386861272
2019-05-12,0.0
2019-05-13,11.336422340229445
2019-05-14,8.469517749178461
2019-05-15,8.426821756900367
2019-05-16,28.231556058153934
2019-05-17,0.0
2019-05-18,0.0
2019-05-19,5.981351348110192
2019-05-20,19.461805443354674
2019-05-21,22.112142572719456
2019-05-22,11.245079271332058
2019-05-23,0.0
2019-05-24,21.333265609120165
2019-05-25,3.3372721645185632
2019-05-26,15.111051836831914
2019-05-27,1.5646221164471672
2019-05-28,0.0
2019-05-29,12.58342121926859
2019-05-30,8.499115264632215
2019-05-31,7.642750607331098
2019-06-01,6.639366318900361
2019-06-02,8.113161302762402
2019-06-03,0.0
2019-06-04,18.59804999089346
2019-06-05,2.0180121136965723
2019-06-06,18.950116226205846
2019-06-07,9.479070464147954
2019-06-08,0.0
2019-06-09,5.45023217272893
2019-06-10,3.630027703964196
2019-06-11,3.769052844086363
2019-06-12,2.235508678701421
2019-06-13,6.190375983453798
2019-06-14,23.564747542833345
2019-06-15,1.8234529066399334
2019-06-16,0.0
2019-06-17,0.0
2019-06-18,0.1768384862110327
2019-06-19,0.0
2019-06-20,11.793976671186625
2019-06-21,0.0
2019-06-22,54.06305990177315
2019-06-23,0.0
2019-06-24,18.021020043097817
2019-06-25,9.131351254773127
2019-06-26,39.45858707201056
2019-06-27,0.0
2019-06-28,28.27620697439501
2019-06-29,0.0
2019-06-30,0.0
2019-07-01,11.312269424302322
2019-07-02,0.0
2019-07-03,4.383296108574291
2019-07-04,28.975479482484747
2019-07-05,0.2974272941751785
2019-07-06,0.0
2019-07-07,0.0
2019-07-08,0.0
2019-07-09,0.0
2019-07-10,0.0
2019-07-11,14.51452802581644
2019-07-12,11.372018368899562
2019-07-13,0.0
2019-07-14,0.0
2019-07-15,22.014046476121692
2019-07-16,19.304155623830702
2019-07-17,0.0
2019-07-18,0.0
2019-07-19,9.623725446523096
2019-07-20,3.4415004030943077
2019-07-21,0.0
2019-07-22,0.0
2019-07-23,11.340200637084063
2019-07-24,0.0
2019-07-25,11.340200637084063
2019-07-26,31.149092980601605
2019-07-27,16.932166559366262
2019-07-28,31.128520636537644
2019-07-29,0.0
2019-07-30,0.0
2019-07-31,0.0
2019-08-01,0.0
2019-08-02,6.5955434603921015
2019-08-03,0.0
2019-08-04,0.0
2019-08-05,0.0
2019-08-06,0.0
2019-08-07,0.0
2019-08-08,0.0
2019-08-09,0.0
2019-08-10,0.0
2019-08-11,0.0
2019-08-12,0.0
2019-08-13,0.0
2019-08-14,0.0
2019-08-15,0.0
2019-08-16,0.0
2019-08-17,0.0
2019-08-18,0.0
2019-08-19,3.3698791615576327
2019-08-20,0.0
2019-08-21,0.0
2019-08-22,2.1048375436045936
2019-08-23,0.0
2019-08-24,1.1077389006474352
2019-08-25,0.0
2019-08-26,15.9228325908305
2019-08-27,1.013289506090531
2019-08-28,4.1071141752960845
2019-08-29,0.0
2019-08-30,3.650999584568242
2019-08-31,0.021584968829647635
2019-09-01,24.798090631990192
2019-09-02,0.0
2019-09-03,0.5791092311582047
2019-09-04,11.13778851162141
2019-09-05,0.0
2019-09-06,32.80537022809797
2019-09-07,0.0
2019-09-08,0.0
2019-09-09,0.0
2019-09-10,0.0
2019-09-11,38.997975938829256
2019-09-12,0.010529570379478156
2019-09-13,0.0
2019-09-14,12.999325382612467
2019-09-15,0.0
2019-09-16,0.0
2019-09-17,25.74851156042454
2019-09-18,27.416386714187652
2019-09-19,27.500759395272116
2019-09-20,0.0
2019-09-21,7.669703349667039
2019-09-22,7.929418033857831
2019-09-23,0.0
2019-09-24,0.0
2019-09-25,0.0
2019-09-26,0.839734892436095
2019-09-27,12.480505252526413
2019-09-28,11.535466087260097
2019-09-29,3.1137338125041376
2019-09-30,8.162579830840894
2019-10-01,22.224861414341458
2019-10-02,1.9706826545927925
2019-10-03,0.0
2019-10-04,14.215333466240223
2019-10-05,22.254507103037966
2019-10-06,2.901412328781004
2019-10-07,10.206264253400162
2019-10-08,23.661736389809878
2019-10-09,4.3635297466533665
2019-10-10,9.471978112318103
2019-10-11,15.465425637340134
2019-10-12,32.91280299600543
2019-10-13,0.0
2019-10-14,4.465973335127571
2019-10-15,23.352737919419877
2019-10-16,15.886524192079131
2019-10-17,7.9432620960395655
2019-10-18,24.506391065450636
2019-10-19,4.590776245819456
2019-10-20,28.383822159238665
2019-10-21,6.005007987031358
2019-10-22,3.4740917564707403
2019-10-23,16.134322782718325
2019-10-24,8.288170371864764
2019-10-25,28.476171716273257
2019-10-26,23.02751077886067
2019-10-27,22.638085890801616
2019-10-28,15.301260155741694
2019-10-29,0.0
2019-10-30,26.409055634595944
2019-10-31,0.0
2019-11-01,7.8474102790608
2019-11-02,12.637578511581474
2019-11-03,2.0384437686290755
2019-11-04,0.0
2019-11-05,1.6108641634901095
2019-11-06,9.862122762180825
2019-11-07,1.4947810470124823
2019-11-08,4.170177969696676
2019-11-09,5.3800113371333715
2019-11-10,19.147762383978744
2019-11-11,7.12848866575572
2019-11-12,4.886640679186855
2019-11-13,4.225901227409421
2019-11-14,4.6023150949681195
2019-11-15,2.533256776346292
2019-11-16,1.1321803980420067
2019-11-17,0.0
2019-11-18,0.0
2019-11-19,0.25055668692926214
2019-11-20,0.0
2019-11-21,11.116366933567047
2019-11-22,4.243999235019434
2019-11-23,0.0
2019-11-24,0.0
2019-11-25,0.5628424064024733
2019-11-26,0.9102633917563099
2019-11-27,4.923734472405561
2019-11-28,1.4182642308263835
2019-11-29,0.0
2019-11-30,0.0
2019-12-01,4.982738498456045
2019-12-02,0.0
2019-12-03,0.0
2019-12-04,0.0
2019-12-05,38.93135225377235
2019-12-06,0.012438330414448969
2019-12-07,0.0
2019-12-08,0.0
2019-12-09,0.0
2019-12-10,0.0
2019-12-11,0.0
2019-12-12,0.008128799493415847
2019-12-13,0.0
2019-12-14,1.672917965881214
2019-12-15,0.0
2019-12-16,0.0
2019-12-17,0.0
2019-12-18,0.0
2019-12-19,0.0
2019-12-20,0.0
2019-12-21,0.0
2019-12-22,0.0
2019-12-23,0.0
2019-12-24,0.0
2019-12-25,0.0
2019-12-26,0.0
2019-12-27,0.0
2019-12-28,0.0
2019-12-29,0.0
2019-12-30,0.0
2019-12-31,0.0
2020-01-01,0.0
2020-01-02,0.0
2020-01-03,0.0
2020-01-04,0.0
2020-01-05,0.0
2020-01-06,0.0
2020-01-07,0.0
2020-01-08,0.0
2020-01-09,0.0
2020-01-10,0.0
2020-01-11,0.0
2020-01-12,0.0
2020-01-13,1.095073591416227
2020-01-14,0.0
2020-01-15,0.0
2020-01-16,0.0
2020-01-17,0.0
2020-01-18,0.0
2020-01-19,0.0
2020-01-20,0.0
2020-01-21,0.0
2020-01-22,0.0
2020-01-23,0.0
2020-01-24,0.0
2020-01-25,0.0
2020-01-26,0.0
2020-01-27,0.0
2020-01-28,0.0
2020-01-29,0.0
2020-01-30,0.0
2020-01-31,0.0
2020-02-01,0.0
2020-02-02,1.8061339671565506
2020-02-03,0.0
2020-02-04,0.0
2020-02-05,0.0
2020-02-06,0.0
2020-02-07,0.0
2020-02-08,0.0
2020-02-09,0.0
2020-02-10,3.443054324474348
2020-02-11,1.4064431120323706
2020-02-12,0.0
2020-02-13,0.0
2020-02-14,0.0
2020-02-15,0.0
2020-02-16,0.0
2020-02-17,0.0
2020-02-18,0.0
2020-02-19,0.0
2020-02-20,0.0
2020-02-21,0.0
2020-02-22,0.0
2020-02-23,0.0
2020-02-24,0.0
2020-02-25,0.0
2020-02-26,0.0
2020-02-27,0.0
2020-02-28,0.0
2020-02-29,0.0
2020-03-01,0.0
2020-03-02,0.0
2020-03-03,11.649802107324284
2020-03-04,0.0
2020-03-05,0.9222500044327644
2020-03-06,12.848884689710854
2020-03-07,0.0
2020-03-08,0.0
2020-03-09,0.0
2020-03-10,0.0
2020-03-11,3.6417665129985823
2020-03-12,5.624028798857555
2020-03-13,3.8367126304504655
2020-03-14,4.891442136534619
2020-03-15,0.0
2020-03-16,0.0
2020-03-17,0.0
2020-03-18,0.0
2020-03-19,0.0
2020-03-20,0.5392861778316607
2020-03-21,0.0
2020-03-22,0.38202918658199814
2020-03-23,0.17578326565964045
2020-03-24,11.14158519208618
2020-03-25,0.2183636998712233
2020-03-26,0.0
2020-03-27,8.983914253557932
2020-03-28,2.6014983211372824
2020-03-29,0.0
2020-03-30,0.0
2020-03-31,0.0
2020-04-01,11.874096501373693
2020-04-02,0.0
2020-04-03,0.0
2020-04-04,6.238604534396397
2020-04-05,0.0
2020-04-06,3.775799894452319
2020-04-07,0.0
2020-04-08,0.0
2020-04-09,0.0
2020-04-10,1.8771221332424646
2020-04-11,0.0
2020-04-12,0.0
2020-04-13,0.7419418638470626
2020-04-14,0.0
2020-04-15,4.3482521268525725
2020-04-16,5.270223947935875
2020-04-17,12.140035430714722
2020-04-18,2.136901994011293
2020-04-19,2.6003884069607563
2020-04-20,0.0
2020-04-21,2.662212665930493
2020-04-22,18.601541448400855
2020-04-23,5.548158789248339
2020-04-24,0.0
2020-04-25,9.712967693320497
2020-04-26,15.798960807551875
2020-04-27,0.0
2020-04-28,5.440711368376864
2020-04-29,2.466763767960226
2020-04-30,5.266320139748197
2020-05-01,0.0
2020-05-02,0.0
2020-05-03,1.1230434523423016
2020-05-04,0.0
2020-05-05,0.0
2020-05-06,0.0
2020-05-07,0.0
2020-05-08,5.590284681126112
2020-05-09,4.398662034541126
2020-05-10,11.60996970640695
2020-05-11,1.0896613056688067
2020-05-12,0.0
2020-05-13,1.4696343975210462
2020-05-14,0.0
2020-05-15,10.057393465851275
2020-05-16,0.0
2020-05-17,0.018200460193899176
2020-05-18,0.8061183621604218
2020-05-19,17.575319298222876
2020-05-20,0.0
2020-05-21,2.2510358669195014
2020-05-22,5.007292470113891
2020-05-23,0.4435058229870549
2020-05-24,3.637519767751677
2020-05-25,9.466698439925931
2020-05-26,0.6366039210733355
2020-05-27,4.194101235235044
2020-05-28,19.486639001030586
2020-05-29,0.0
2020-05-30,5.464735959422687
2020-05-31,0.0
2020-06-01,11.635358062772807
2020-06-02,6.377130848508967
2020-06-03,2.1560398542142023
2020-06-04,5.930253636038296
2020-06-05,0.4211097291636333
2020-06-06,38.490107312378626
2020-06-07,25.668192971551434
2020-06-08,0.0
2020-06-09,25.668192971551434
2020-06-10,0.0
2020-06-11,18.621972408903794
2020-06-12,15.750069927557156
2020-06-13,2.0051379605763846
2020-06-14,11.593445680256405
2020-06-15,0.5780093351153934
2020-06-16,0.0
2020-06-17,21.438660077027556
2020-06-18,22.897511768281355
2020-06-19,0.0
2020-06-20,24.190370906645914
2020-06-21,2.0481674457686205
2020-06-22,25.552644129462294
2020-06-23,0.0
2020-06-24,15.119367392867822
2020-06-25,2.3789088951473922
2020-06-26,15.093499235160365
2020-06-27,0.0
2020-06-28,27.21170064786411
2020-06-29,13.421207662067642
2020-06-30,24.570442151336582
2020-07-01,2.08494842030066
2020-07-02,0.0
2020-07-03,0.0
2020-07-04,59.57831029467981
2020-07-05,0.0
2020-07-06,4.729185413702175
2020-07-07,23.761334622585558
2020-07-08,19.807165782154545
2020-07-09,10.174668644843585
2020-07-10,12.357361273386367
2020-07-11,0.0
2020-07-12,0.0
2020-07-13,0.0
2020-07-14,0.0
2020-07-15,0.0
2020-07-16,1.0093970619557273
2020-07-17,0.626156842103957
2020-07-18,0.5803479263389866
2020-07-19,0.4295175809672123
2020-07-20,1.7570632485650677
2020-07-21,0.0
2020-07-22,0.0
2020-07-23,0.0
2020-07-24,0.0
2020-07-25,0.0
2020-07-26,0.0
2020-07-27,0.0
2020-07-28,0.0
2020-07-29,0.0
2020-07-30,0.0
2020-07-31,0.0
2020-08-01,0.2036812365913511
2020-08-02,0.0
2020-08-03,0.0
2020-08-04,0.0
2020-08-05,0.0
2020-08-06,0.0
2020-08-07,0.0
2020-08-08,0.0
2020-08-09,0.0
2020-08-10,0.0
2020-08-11,1.0564711985173045
2020-08-12,0.0
2020-08-13,0.0
2020-08-14,1.8894458076844907
2020-08-15,0.0
2020-08-16,0.0
2020-08-17,0.0
2020-08-18,0.0
2020-08-19,0.0
2020-08-20,2.4773339728825383
2020-08-21,0.0
2020-08-22,0.0
2020-08-23,0.0
2020-08-24,0.0
2020-08-25,0.0
2020-08-26,0.0
2020-08-27,0.0
2020-08-28,0.0
2020-08-29,0.0
2020-08-30,0.0
2020-08-31,9.282380319044751
2020-09-01,2.4776363538516337
2020-09-02,0.0
2020-09-03,0.0
2020-09-04,0.3416125710188186
2020-09-05,3.3876882117467897
2020-09-06,0.0
2020-09-07,0.0
2020-09-08,2.012533702324836
2020-09-09,29.94142568954918
2020-09-10,0.66464865827232
2020-09-11,0.0
2020-09-12,27.04275590983793
2020-09-13,0.0
2020-09-14,0.0
2020-09-15,13.608395469882899
2020-09-16,28.776013262658555
2020-09-17,11.211708976838768
2020-09-18,8.896540474578153
2020-09-19,14.17329629033375
2020-09-20,10.315698380013446
2020-09-21,0.0
2020-09-22,18.681139491540463
2020-09-23,0.0
2020-09-24,15.03159488434335
2020-09-25,0.0
2020-09-26,5.306543361118009
2020-09-27,0.0
2020-09-28,7.370082379731076
2020-09-29,3.8680923307546617
2020-09-30,6.00907142265334
2020-10-01,0.0
2020-10-02,3.5237829385881665
2020-10-03,0.899611002964457
2020-10-04,3.1007700111243452
2020-10-05,6.174918904256732
2020-10-06,19.714392754907678
2020-10-07,10.850213785505924
2020-10-08,0.0
2020-10-09,2.3666534903053953
2020-10-10,16.95836149519059
2020-10-11,0.24342685471345432
2020-10-12,7.635171545246058
2020-10-13,3.5389172303803504
2020-10-14,14.438150862715885
2020-10-15,0.0
2020-10-16,2.6099821258203346
2020-10-17,0.0
2020-10-18,2.52350952584966
2020-10-19,4.68224175945251
2020-10-20,11.782657008657774
2020-10-21,0.0
2020-10-22,0.0
2020-10-23,0.0
2020-10-24,4.263653753396491
2020-10-25,24.374819647765715
2020-10-26,9.51498803692306
2020-10-27,3.160409907736328
2020-10-28,2.267730928243662
2020-10-29,7.27024351751797
2020-10-30,3.3720757404415784
2020-10-31,4.54734934951338
2020-11-01,1.132565385636943
2020-11-02,7.7946194992561075
2020-11-03,0.0
2020-11-04,7.429758459161653
2020-11-05,1.316408941502413
2020-11-06,2.8761044296534575
2020-11-07,16.24359375488482
2020-11-08,11.846568375583283
2020-11-09,0.0
2020-11-10,0.0
2020-11-11,0.10301962089896875
2020-11-12,0.0
2020-11-13,0.0
2020-11-14,0.0
2020-11-15,7.801792995886424
2020-11-16,0.0
2020-11-17,0.2546248976409473
2020-11-18,0.0
2020-11-19,0.0
2020-11-20,3.853786577339388
2020-11-21,0.0
2020-11-22,0.0
2020-11-23,0.0
2020-11-24,0.0
2020-11-25,0.0
2020-11-26,0.0
2020-11-27,9.088633608803127
2020-11-28,2.3742829221595283
2020-11-29,0.0
2020-11-30,0.0
2020-12-01,0.0
2020-12-02,0.0
2020-12-03,0.0
2020-12-04,0.662742283393535
2020-12-05,0.0
2020-12-06,0.0
2020-12-07,0.05430564883356925
2020-12-08,6.8266101637406145
2020-12-09,0.0
2020-12-10,1.7261648144883224
2020-12-11,0.0
2020-12-12,0.0
2020-12-13,7.7712132014852076
2020-12-14,2.3628078905134258
2020-12-15,0.0
2020-12-16,2.1937719125932804
2020-12-17,0.732730818003808
2020-12-18,0.0
2020-12-19,0.0
2020-12-20,3.247987421438257
2020-12-21,5.6377257602096895
2020-12-22,0.07062514065651128
2020-12-23,1.786291309797398
2020-12-24,0.0
2020-12-25,0.0
2020-12-26,0.0
2020-12-27,0.0
2020-12-28,0.0
2020-12-29,0.0
2020-12-30,0.0
2020-12-31,0.0
2021-01-01,0.0
2021-01-02,0.0
2021-01-03,0.37026953973393933
2021-01-04,8.708997535347267
2021-01-05,1.0157089817128335
2021-01-06,0.7971474383873125
2021-01-07,2.4279933968557748
2021-01-08,0.0
2021-01-09,0.0
2021-01-10,0.0
2021-01-11,0.0
2021-01-12,0.0
2021-01-13,0.0
2021-01-14,0.0
2021-01-15,0.0
2021-01-16,0.0
2021-01-17,0.0
2021-01-18,0.0
2021-01-19,0.0
2021-01-20,0.0
2021-01-21,0.0
2021-01-22,0.0
2021-01-23,0.0
2021-01-24,0.0
2021-01-25,0.0
2021-01-26,0.0
2021-01-27,0.0
2021-01-28,0.04615842930286769
2021-01-29,0.0
2021-01-30,0.0
2021-01-31,0.0
2021-02-01,0.0
2021-02-02,3.514766842705351
2021-02-03,0.0
2021-02-04,0.0
2021-02-05,0.0
2021-02-06,0.0
2021-02-07,0.0
2021-02-08,0.0
2021-02-09,0.0
2021-02-10,0.0
2021-02-11,4.080812587615617
2021-02-12,0.17389710556363494
2021-02-13,3.0907131753344057
2021-02-14,0.0
2021-02-15,1.3137067882583229
2021-02-16,0.0
2021-02-17,0.0
2021-02-18,0.0
2021-02-19,0.0
2021-02-20,0.0
2021-02-21,0.0
2021-02-22,0.0
2021-02-23,0.0
2021-02-24,0.0
2021-02-25,7.136738828964807
2021-02-26,0.0
2021-02-27,1.5403354461669323
2021-02-28,0.0
2021-03-01,0.0
2021-03-02,0.0
2021-03-03,0.0
2021-03-04,0.0
2021-03-05,0.0
2021-03-06,3.309266947662375
2021-03-07,0.0
2021-03-08,0.0
2021-03-09,0.6197954998138778
2021-03-10,0.17891400365733925
2021-03-11,3.9724309454131443
2021-03-12,0.0
2021-03-13,4.855730930491396
2021-03-14,7.321559694459756
2021-03-15,0.0
2021-03-16,0.0
2021-03-17,13.692788866660562
2021-03-18,5.583849674922345
2021-03-19,3.131663541310119
2021-03-20,0.0
2021-03-21,2.315100062356267
2021-03-22,5.291657581281574
2021-03-23,4.326954150767198
2021-03-24,0.640172649377872
2021-03-25,0.0
2021-03-26,0.0
2021-03-27,0.0
2021-03-28,0.0
2021-03-29,0.0
2021-03-30,0.0
2021-03-31,0.0
2021-04-01,0.00952330483596028
2021-04-02,0.0
2021-04-03,2.798148978779148
2021-04-04,2.222212776364427
2021-04-05,0.0
2021-04-06,7.892167882316175
2021-04-07,0.0
2021-04-08,0.0
2021-04-09,24.484867084003948
2021-04-10,1.067825294839791
2021-04-11,3.5751458988685347
2021-04-12,0.0
2021-04-13,0.0
2021-04-14,0.0
2021-04-15,6.210087444532941
2021-04-16,0.0
2021-04-17,6.538687415323037
2021-04-18,19.085330832355385
2021-04-19,0.0
2021-04-20,8.21649321781223
2021-04-21,0.0
2021-04-22,4.011872791542286
2021-04-23,1.7109611957761446
2021-04-24,4.802288197321524
2021-04-25,1.6660385218051799
2021-04-26,0.0
2021-04-27,1.8252473433426792
2021-04-28,1.2747136932018035
2021-04-29,0.7603185654955503
2021-04-30,0.0
2021-05-01,0.0
2021-05-02,0.0
2021-05-03,10.514755473856491
2021-05-04,10.214056300012189
2021-05-05,0.0
2021-05-06,18.042945283162425
2021-05-07,9.021472641581212
2021-05-08,9.021472641581212
2021-05-09,9.021472641581212
2021-05-10,0.0
2021-05-11,0.0
2021-05-12,1.5264130057434628
2021-05-13,0.0
2021-05-14,0.0
2021-05-15,7.056748147001847
2021-05-16,0.0
2021-05-17,0.7880334822774756
2021-05-18,5.5394973616041705
2021-05-19,0.0
2021-05-20,5.5394973616041705
2021-05-21,0.0
2021-05-22,19.67567191306098
2021-05-23,0.0
2021-05-24,0.0
2021-05-25,0.0
2021-05-26,11.17992964489578
2021-05-27,0.0
2021-05-28,0.0
2021-05-29,6.4407906317307795
2021-05-30,6.0794641381886585
2021-05-31,3.2859948021811705
2021-06-01,21.747705359867986
2021-06-02,0.0
2021-06-03,0.0
2021-06-04,24.876189741255285
2021-06-05,3.92843770771827
2021-06-06,0.0
2021-06-07,0.08867862079766071
2021-06-08,14.89479498961753
2021-06-09,14.983473618626224
2021-06-10,0.0
2021-06-11,10.451392132562628
2021-06-12,0.0
2021-06-13,2.0682234741705394
2021-06-14,0.0
2021-06-15,6.056333157593709
2021-06-16,4.180455663835696
2021-06-17,4.060356435808601
2021-06-18,6.967788393824415
2021-06-19,0.0
2021-06-20,14.523226749620816
2021-06-21,10.794773145101185
2021-06-22,13.577957136599661
2021-06-23,40.427432251334864
2021-06-24,0.0
2021-06-25,12.909922162069703
2021-06-26,19.16121623362313
2021-06-27,0.0
2021-06-28,6.365522598429032
2021-06-29,5.4284212377269965
2021-06-30,2.8225494626916494
2021-07-01,16.65706544946564
2021-07-02,27.623675277103246
2021-07-03,49.318712545023466
2021-07-04,0.0
2021-07-05,0.0
2021-07-06,4.946013319693884
2021-07-07,0.3891047989493545
2021-07-08,14.813314168544288
2021-07-09,10.840360632223419
2021-07-10,0.0
2021-07-11,0.0
2021-07-12,0.0
2021-07-13,0.0
2021-07-14,0.0
2021-07-15,0.0
2021-07-16,31.474117241431276
2021-07-17,0.0
2021-07-18,0.0
2021-07-19,0.0
2021-07-20,0.0
2021-07-21,0.0
2021-07-22,0.0
2021-07-23,0.0
2021-07-24,0.0
2021-07-25,0.0
2021-07-26,0.0
2021-07-27,0.0
2021-07-28,0.0
2021-07-29,0.0
2021-07-30,0.8061926711255042
2021-07-31,0.0
2021-08-01,0.0
2021-08-02,0.0
2021-08-03,0.0
2021-08-04,3.9313309884623733
2021-08-05,9.933329500999763
2021-08-06,0.0
2021-08-07,1.9181797646252008
2021-08-08,0.0
2021-08-09,0.0
2021-08-10,0.0
2021-08-11,1.1756722376207749
2021-08-12,0.0
2021-08-13,0.0
2021-08-14,0.0
2021-08-15,0.0
2021-08-16,0.0
2021-08-17,0.0
2021-08-18,0.0
2021-08-19,0.8608456099861925
2021-08-20,34.00155196312299
2021-08-21,11.535952504754594
2021-08-22,9.322681094828294
2021-08-23,0.0
2021-08-24,21.911221654697297
2021-08-25,1.06135443112368
2021-08-26,0.0
2021-08-27,31.91941874640841
2021-08-28,12.40065518124222
2021-08-29,30.908799252065194
2021-08-30,6.360117930207466
2021-08-31,0.0
2021-09-01,18.768417886293303
2021-09-02,56.90192029829988
2021-09-03,39.78737935261497
2021-09-04,20.367356300354007
2021-09-05,0.0
2021-09-06,0.0
2021-09-07,7.559811718999856
2021-09-08,0.0
2021-09-09,0.0
2021-09-10,16.888485947324103
2021-09-11,22.732186999407578
2021-09-12,0.0
2021-09-13,33.73440980343947
2021-09-14,0.0
2021-09-15,15.271863669847503
2021-09-16,0.0
2021-09-17,4.432433846001336
2021-09-18,2.0280088534859773
2021-09-19,0.0
2021-09-20,10.433513163475224
2021-09-21,17.75688026812798
2021-09-22,12.04452123922636
2021-09-23,3.20634532213659
2021-09-24,3.6957370443648676
2021-09-25,13.556311461950889
2021-09-26,6.122340562870597
2021-09-27,0.0
2021-09-28,0.0
2021-09-29,0.0
2021-09-30,17.39898582720055
2021-10-01,5.246405611802581
2021-10-02,1.7209152882369372
2021-10-03,2.563644558135315
2021-10-04,0.0
2021-10-05,2.242690822707913
2021-10-06,10.999200760907655
2021-10-07,0.0
2021-10-08,0.0
2021-10-09,18.34247864763216
2021-10-10,0.9977188366386545
2021-10-11,1.865632389662187
2021-10-12,9.35943093849259
2021-10-13,7.809066018090822
2021-10-14,0.0
2021-10-15,9.35943093849259
2021-10-16,19.02466867174592
2021-10-17,3.7722738202691617
2021-10-18,9.67701693303748
2021-10-19,19.02466867174592
2021-10-20,0.0
2021-10-21,8.517025910845087
2021-10-22,10.700154047573669
2021-10-23,7.468540026235371
2021-10-24,0.0
2021-10-25,13.293185130760087
2021-10-26,0.0
2021-10-27,6.908491076867732
2021-10-28,2.270873700519913
2021-10-29,0.0
2021-10-30,4.672045803697093
2021-10-31,10.285985505200209
2021-11-01,5.043556704846636
2021-11-02,10.087113409693272
2021-11-03,0.0
2021-11-04,10.67371040877508
2021-11-05,10.440203959298419
2021-11-06,0.0
2021-11-07,8.947402160617061
2021-11-08,3.216711113134921
2021-11-09,13.836351844020838
2021-11-10,3.7013726452401676
2021-11-11,10.013669497830913
2021-11-12,0.0
2021-11-13,2.391006446959604
2021-11-14,3.4005019058640777
2021-11-15,3.4005019058640777
2021-11-16,8.048990798429468
2021-11-17,0.0
2021-11-18,8.605076127598716
2021-11-19,0.315074876464003
2021-11-20,0.0
2021-11-21,0.0
2021-11-22,4.491084286475376
2021-11-23,8.76576065434914
2021-11-24,0.0
2021-11-25,0.0
2021-11-26,0.0
2021-11-27,0.0
2021-11-28,0.0
2021-11-29,5.288851349818088
2021-11-30,1.7750857516833973
2021-12-01,0.0
2021-12-02,0.0
2021-12-03,0.0
2021-12-04,0.0
2021-12-05,0.0
2021-12-06,0.0
2021-12-07,0.3498938521072875
2021-12-08,0.8285432586687839
2021-12-09,0.0
2021-12-10,0.0
2021-12-11,0.0
2021-12-12,0.0
2021-12-13,0.0
2021-12-14,0.0
2021-12-15,0.0
2021-12-16,0.0
2021-12-17,0.0
2021-12-18,0.0
2021-12-19,0.0
2021-12-20,0.0
2021-12-21,0.0
2021-12-22,0.0
2021-12-23,0.0
2021-12-24,0.0
2021-12-25,0.0
2021-12-26,0.0
2021-12-27,0.0
2021-12-28,0.0
2021-12-29,0.6263196186938732
2021-12-30,0.0
2021-12-31,0.0
2022-01-01,0.0
2022-01-02,0.0
2022-01-03,0.0
2022-01-04,0.0
2022-01-05,0.0
2022-01-06,0.0
2022-01-07,0.0
2022-01-08,0.0
2022-01-09,0.0
2022-01-10,0.0
2022-01-11,0.0
2022-01-12,0.0
2022-01-13,3.1230507912155088
2022-01-14,0.0
2022-01-15,0.0
2022-01-16,0.5693565680970233
2022-01-17,0.0
2022-01-18,0.0
2022-01-19,0.0
2022-01-20,0.0
2022-01-21,0.0
2022-01-22,0.0
2022-01-23,0.0
2022-01-24,0.0
2022-01-25,0.0
2022-01-26,0.0
2022-01-27,0.0
2022-01-28,0.0
2022-01-29,0.0
2022-01-30,0.0
2022-01-31,0.0
2022-02-01,0.0
2022-02-02,0.0
2022-02-03,0.0
2022-02-04,0.0
2022-02-05,0.0
2022-02-06,0.0
2022-02-07,0.0
2022-02-08,0.0
2022-02-09,0.0
2022-02-10,0.0
2022-02-11,0.0
2022-02-12,1.302006160533645
2022-02-13,0.1870643272202838
2022-02-14,0.0
2022-02-15,0.0
2022-02-16,0.0
2022-02-17,0.0
2022-02-18,7.039336128688709
2022-02-19,0.0
2022-02-20,0.0
2022-02-21,0.0
2022-02-22,0.0
2022-02-23,0.0
2022-02-24,0.0
2022-02-25,0.0
2022-02-26,0.0
2022-02-27,7.187420810246811
2022-02-28,0.0
2022-03-01,0.0011566231679229642
2022-03-02,0.0
2022-03-03,0.0
2022-03-04,1.6925898933306147
2022-03-05,3.470004534228713
2022-03-06,6.21282586800582
2022-03-07,0.0
2022-03-08,0.0
2022-03-09,0.0
2022-03-10,0.10419796404423531
2022-03-11,1.0956813588169267
2022-03-12,6.848556414199906
2022-03-13,1.3139468247097739
2022-03-14,2.282852086635702
2022-03-15,5.326344686071054
2022-03-16,0.8154081940538972
2022-03-17,0.9083192770042194
2022-03-18,0.2863734713478543
2022-03-19,0.0
2022-03-20,0.0
2022-03-21,0.0
2022-03-22,1.6219223926383854
2022-03-23,0.0
2022-03-24,2.940895230156524
2022-03-25,0.0
2022-03-26,14.923010764602733
2022-03-27,0.0
2022-03-28,0.0
2022-03-29,0.0
2022-03-30,0.0
2022-03-31,0.0
2022-04-01,0.0
2022-04-02,4.181287988245898
2022-04-03,0.0
2022-04-04,0.0
2022-04-05,0.0
2022-04-06,10.80332665930111
2022-04-07,0.0
2022-04-08,16.04067077797954
2022-04-09,10.888618088843456
2022-04-10,0.0
2022-04-11,0.0
2022-04-12,24.6457017087608
2022-04-13,0.29462285659876036
2022-04-14,0.0
2022-04-15,0.7006276982533761
2022-04-16,8.08622842456075
2022-04-17,8.08622842456075
2022-04-18,42.203642403848036
2022-04-19,0.0
2022-04-20,6.8760894573548486
2022-04-21,23.507115582637514
2022-04-22,0.0
2022-04-23,0.39459709532946147
2022-04-24,17.234893584445487
2022-04-25,0.0
2022-04-26,0.0
2022-04-27,17.80094107823142
2022-04-28,5.942812303191959
2022-04-29,10.208246123141324
2022-04-30,0.0
2022-05-01,0.0
2022-05-02,0.0
2022-05-03,0.0
2022-05-04,21.20532755472546
2022-05-05,0.0
2022-05-06,24.719151364316332
2022-05-07,4.671784514700091
2022-05-08,0.0
2022-05-09,10.117783247566106
2022-05-10,0.0
2022-05-11,0.2674629026154989
2022-05-12,1.0850501261282954
2022-05-13,0.0
2022-05-14,7.544264214742014
2022-05-15,0.0
2022-05-16,0.42476187180786046
2022-05-17,11.516704644273057
2022-05-18,0.0
2022-05-19,5.545557131077547
2022-05-20,5.835932614957087
2022-05-21,33.725988339691064
2022-05-22,0.007095371400406755
2022-05-23,12.98290890235041
2022-05-24,0.0
2022-05-25,0.0
2022-05-26,12.135906134087667
2022-05-27,0.0
2022-05-28,0.0
2022-05-29,0.0
2022-05-30,0.0
2022-05-31,8.90921190804665
2022-06-01,14.906793922204564
2022-06-02,0.0
2022-06-03,10.499586289273852
2022-06-04,0.0
2022-06-05,11.014501609276738
2022-06-06,0.0
2022-06-07,6.772561233045165
2022-06-08,0.0
2022-06-09,0.0
2022-06-10,35.178924874059106
2022-06-11,14.926919703044668
2022-06-12,0.9207860830805045
2022-06-13,4.662586227236649
2022-06-14,9.690714045472646
2022-06-15,24.996131135585845
2022-06-16,20.75565293556314
2022-06-17,9.078481470112811
2022-06-18,15.485808528357921
2022-06-19,0.035235333138112855
2022-06-20,1.2724805119154077
2022-06-21,29.92036793182698
2022-06-22,0.0
2022-06-23,0.0
2022-06-24,35.64238811569358
2022-06-25,0.0
2022-06-26,25.29368272242729
2022-06-27,16.431881056028978
2022-06-28,1.5226249341003286
2022-06-29,15.947129009810553
2022-06-30,22.597561660675836
2022-07-01,6.575582344082647
2022-07-02,0.0
2022-07-03,1.8646158459937492
2022-07-04,9.553917961711802
2022-07-05,37.67103668982041
2022-07-06,0.0
2022-07-07,0.0
2022-07-08,33.68834746175061
2022-07-09,11.810902779148607
2022-07-10,0.0
2022-07-11,0.0
2022-07-12,0.0
2022-07-13,0.1607635448183503
2022-07-14,0.0
2022-07-15,0.0
2022-07-16,0.24845987420270202
2022-07-17,0.0
2022-07-18,0.0
2022-07-19,0.0
2022-07-20,0.0
2022-07-21,0.0
2022-07-22,0.0
2022-07-23,0.0
2022-07-24,0.0
2022-07-25,0.0
2022-07-26,0.0
2022-07-27,0.0
2022-07-28,0.0
2022-07-29,0.0
2022-07-30,0.0
2022-07-31,5.816559241873515
2022-08-01,0.02182420030114945
2022-08-02,0.0
2022-08-03,0.0
2022-08-04,0.0
2022-08-05,0.0
2022-08-06,0.0
2022-08-07,0.0
2022-08-08,0.0
2022-08-09,0.0
2022-08-10,0.0
2022-08-11,0.0
2022-08-12,0.0
2022-08-13,0.0
2022-08-14,3.7111689742087726
2022-08-15,0.0
2022-08-16,0.0
2022-08-17,0.0
2022-08-18,0.0250988291738626
2022-08-19,19.275782885817193
2022-08-20,0.0
2022-08-21,0.0
2022-08-22,0.0
2022-08-23,0.024049510042146366
2022-08-24,0.0
2022-08-25,0.0
2022-08-26,0.016828362465501952
2022-08-27,0.0
2022-08-28,0.0
2022-08-29,0.0
2022-08-30,19.521376538440897
2022-08-31,0.0
2022-09-01,0.0
2022-09-02,0.0
2022-09-03,0.6253063068139084
2022-09-04,0.05492916835720418
2022-09-05,0.0
2022-09-06,0.0
2022-09-07,0.0
2022-09-08,0.0
2022-09-09,0.0
2022-09-10,0.0
2022-09-11,10.745947705408
2022-09-12,15.936195277092827
2022-09-13,0.0
2022-09-14,0.0
2022-09-15,0.0
2022-09-16,0.0
2022-09-17,0.0
2022-09-18,3.4717520613482247
2022-09-19,22.816979275693285
2022-09-20,0.0
2022-09-21,7.489630993262038
2022-09-22,4.554289426740887
2022-09-23,9.480678366808574
2022-09-24,2.377296219263214
2022-09-25,9.009871050351551
2022-09-26,7.234477787370151
2022-09-27,3.952646841686372
2022-09-28,37.01425153461187
2022-09-29,7.220698198827268
2022-09-30,4.682758381610075
2022-10-01,0.0
2022-10-02,0.0
2022-10-03,0.0
2022-10-04,0.0
2022-10-05,1.7044981378425117
2022-10-06,8.580263091238425
2022-10-07,24.785114213684313
2022-10-08,1.5704656292217258
2022-10-09,22.026090307838857
2022-10-10,0.0
2022-10-11,0.06523623105206189
2022-10-12,0.5079143466841974
2022-10-13,18.54287705812592
2022-10-14,0.0
2022-10-15,6.988576582243986
2022-10-16,8.878364174531713
2022-10-17,6.953951950288224
2022-10-18,19.52252222824336
2022-10-19,0.0
2022-10-20,19.52252222824336
2022-10-21,2.139855426329707
2022-10-22,2.070102910810362
2022-10-23,16.674884414254837
2022-10-24,0.4500383672373849
2022-10-25,15.761397663324267
2022-10-26,0.0
2022-10-27,5.299159304380567
2022-10-28,8.671568667209367
2022-10-29,0.0
2022-10-30,3.0700416185740917
2022-10-31,22.212880302684788
2022-11-01,7.874128862851549
2022-11-02,0.776769360379271
2022-11-03,9.93101979466476
2022-11-04,17.56790095175813
2022-11-05,8.909164010097479
2022-11-06,0.0
2022-11-07,0.0
2022-11-08,1.4867231363644062
2022-11-09,2.849304340000667
2022-11-10,16.082468583722672
2022-11-11,5.522808412797915
2022-11-12,8.855550574151593
2022-11-13,5.522808412797915
2022-11-14,0.7477326039306509
2022-11-15,0.0
2022-11-16,0.0
2022-11-17,0.0
2022-11-18,0.0
2022-11-19,0.13501566278986735
2022-11-20,12.571862380356812
2022-11-21,0.0
2022-11-22,0.0
2022-11-23,2.3516806293145973
2022-11-24,0.0
2022-11-25,0.0
2022-11-26,0.0
2022-11-27,0.0
2022-11-28,0.0
2022-11-29,22.701149812398587
2022-11-30,5.617104809061767
2022-12-01,7.342273524050872
2022-12-02,0.0
2022-12-03,0.4241615939901708
2022-12-04,0.0
2022-12-05,0.0
2022-12-06,0.0
2022-12-07,0.0
2022-12-08,1.0169115606963672
2022-12-09,0.0
2022-12-10,0.0
2022-12-11,0.0
2022-12-12,0.0
2022-12-13,0.0
2022-12-14,0.0
2022-12-15,0.0
2022-12-16,0.0
2022-12-17,2.4355101004644126
2022-12-18,0.0
2022-12-19,0.0
2022-12-20,0.0
2022-12-21,0.0
2022-12-22,0.0
2022-12-23,0.0
2022-12-24,0.012391420812553068
2022-12-25,0.0
2022-12-26,0.0
2022-12-27,0.0
2022-12-28,0.0
2022-12-29,0.0
2022-12-30,0.0
2022-12-31,0.0
2023-01-01,0.0
2023-01-02,0.0
2023-01-03,0.0
2023-01-04,0.0
2023-01-05,0.0
2023-01-06,0.0
2023-01-07,0.0
2023-01-08,0.0
2023-01-09,0.0
2023-01-10,0.0
2023-01-11,0.0
2023-01-12,0.0
2023-01-13,0.0
2023-01-14,0.0
2023-01-15,0.0
2023-01-16,0.0
2023-01-17,0.0
2023-01-18,0.0
2023-01-19,0.0
2023-01-20,0.0
2023-01-21,0.2188380941720627
2023-01-22,2.5688932179359627
2023-01-23,2.8069127718955933
2023-01-24,0.07874449749775209
2023-01-25,0.0
2023-01-26,0.0
2023-01-27,0.0
2023-01-28,5.55840835186117
2023-01-29,4.344187871769361
2023-01-30,0.0
2023-01-31,0.17548171273603544
2023-02-01,0.0
2023-02-02,0.0
2023-02-03,0.0
2023-02-04,0.0
2023-02-05,0.0
2023-02-06,1.215088049769775
2023-02-07,0.9964396168309299
2023-02-08,0.0
2023-02-09,0.0
2023-02-10,0.0
2023-02-11,0.0
2023-02-12,0.0
2023-02-13,0.0
2023-02-14,0.0
2023-02-15,0.0
2023-02-16,0.0
2023-02-17,0.0
2023-02-18,0.0
2023-02-19,0.0
2023-02-20,0.0
2023-02-21,0.0
2023-02-22,0.0
2023-02-23,0.0
2023-02-24,0.0
2023-02-25,0.0
2023-02-26,3.580183862669437
2023-02-27,0.0
2023-02-28,3.544664248796128
2023-03-01,2.569365772442588
2023-03-02,0.0
2023-03-03,5.138731544885176
2023-03-04,3.1034486612530157
2023-03-05,0.0
2023-03-06,4.630134124194523
2023-03-07,15.467585164155528
2023-03-08,0.0
2023-03-09,4.437713531680458
2023-03-10,5.462601946231792
2023-03-11,0.6304690157837173
2023-03-12,0.0
2023-03-13,0.0
2023-03-14,3.883668780326844
2023-03-15,0.0
2023-03-16,5.290510893838436
2023-03-17,0.0
2023-03-18,9.954603815944626
2023-03-19,4.6887881926021215
2023-03-20,0.0
2023-03-21,5.530213141038258
2023-03-22,6.635387353547753
2023-03-23,4.293752117461538
2023-03-24,2.034411990948595
2023-03-25,4.298354363545973
2023-03-26,0.0
2023-03-27,5.734610011895599
2023-03-28,0.0
2023-03-29,3.809893846661132
2023-03-30,2.519982274875988
2023-03-31,11.793482645347703
2023-04-01,0.0
2023-04-02,0.0
2023-04-03,0.00370673291296532
2023-04-04,5.862355036218986
2023-04-05,0.0
2023-04-06,0.0
2023-04-07,0.0
2023-04-08,4.309627378964768
2023-04-09,11.027315549874352
2023-04-10,0.0
2023-04-11,18.79474027528566
2023-04-12,0.0
2023-04-13,0.0
2023-04-14,7.726351338919806
2023-04-15,3.9240417802938468
2023-04-16,3.3657971145066163
2023-04-17,0.0
2023-04-18,10.608533810882479
2023-04-19,16.359496855631278
2023-04-20,14.256378305801846
2023-04-21,0.0
2023-04-22,0.6959037147765618
2023-04-23,31.396991318288865
2023-04-24,4.3267199809504975
2023-04-25,0.0
2023-04-26,9.416809895072943
2023-04-27,11.061298990816944
2023-04-28,0.0
2023-04-29,12.961110268821553
2023-04-30,0.0
2023-05-01,14.022069318636404
2023-05-02,0.8025603133137703
2023-05-03,0.0
2023-05-04,14.313272266740274
2023-05-05,0.0
2023-05-06,3.7954948300783835
2023-05-07,0.0
2023-05-08,0.0
2023-05-09,0.0
2023-05-10,0.0
2023-05-11,0.0
2023-05-12,7.871259026625937
2023-05-13,8.996306794990058
2023-05-14,7.871259026625937
2023-05-15,15.742518053251874
2023-05-16,0.0
2023-05-17,0.0
2023-05-18,6.822576350246138
2023-05-19,6.061357115684038
2023-05-20,13.040271907130405
2023-05-21,0.0
2023-05-22,10.69332754052126
2023-05-23,6.727147084888848
2023-05-24,8.273029634186681
2023-05-25,5.57433309940226
2023-05-26,0.0
2023-05-27,13.447685063445128
2023-05-28,0.0
2023-05-29,16.378328742276302
2023-05-30,0.0
2023-05-31,0.0
2023-06-01,29.584159279586228
2023-06-02,1.7248902084981195
2023-06-03,28.977150171192722
2023-06-04,5.7200524933874135
2023-06-05,0.0
2023-06-06,47.038591984442505
2023-06-07,8.04006217402373
2023-06-08,35.49820836066603
2023-06-09,0.26844458320249825
2023-06-10,29.094897322156097
2023-06-11,23.68179093171599
2023-06-12,0.0
2023-06-13,0.0
2023-06-14,0.0
2023-06-15,29.756119670163265
2023-06-16,2.583740471002081
2023-06-17,0.0
2023-06-18,6.2275658707806825
2023-06-19,17.266679754537876
2023-06-20,10.671867728158693
2023-06-21,0.7365599707207535
2023-06-22,0.0
2023-06-23,0.0
2023-06-24,2.49674869434641
2023-06-25,0.0
2023-06-26,0.0
2023-06-27,7.683031267274822
2023-06-28,15.188565556078908
2023-06-29,0.0
2023-06-30,0.0
2023-07-01,0.0
2023-07-02,6.7022923599874975
2023-07-03,0.0
2023-07-04,15.639176286304457
2023-07-05,0.0
2023-07-06,0.0
2023-07-07,26.753917890559464
2023-07-08,13.685459979862893
2023-07-09,3.7505760239151473
2023-07-10,0.5575847486891297
2023-07-11,0.0
2023-07-12,20.141220256994128
2023-07-13,0.0
2023-07-14,9.138771344962985
2023-07-15,8.860754504230671
2023-07-16,8.262935425538009
2023-07-17,4.1314677127690045
2023-07-18,3.613859880396032
2023-07-19,0.0
2023-07-20,0.0
2023-07-21,13.44371664516614
2023-07-22,26.88743329033228
2023-07-23,13.164383595633224
2023-07-24,0.0
2023-07-25,0.0
2023-07-26,0.0
2023-07-27,0.0
2023-07-28,7.368064459667552
2023-07-29,8.064838455704205
2023-07-30,0.0
2023-07-31,15.113869486410469
2023-08-01,13.322957362543441
2023-08-02,0.0
2023-08-03,0.0
2023-08-04,0.0
2023-08-05,0.0
2023-08-06,0.0
2023-08-07,0.0
2023-08-08,0.0
2023-08-09,0.0
2023-08-10,0.0
2023-08-11,0.0
2023-08-12,0.0
2023-08-13,0.0
2023-08-14,0.0
2023-08-15,0.0
2023-08-16,0.0
2023-08-17,8.814607392718962
2023-08-18,1.2413996784255592
2023-08-19,17.101038899358993
2023-08-20,0.0
2023-08-21,0.0
2023-08-22,0.0
2023-08-23,0.0
2023-08-24,0.0
2023-08-25,0.0
2023-08-26,0.0
2023-08-27,27.16252175165701
2023-08-28,0.0
2023-08-29,0.0
2023-08-30,13.581260875828505
2023-08-31,0.0
2023-09-01,15.610370080621824
2023-09-02,29.25069858584467
2023-09-03,12.424947917797303
2023-09-04,7.42448704796578
2023-09-05,11.7105892927257
2023-09-06,0.0
2023-09-07,0.0
2023-09-08,31.5136209217996
2023-09-09,10.732979795674499
2023-09-10,0.0
2023-09-11,0.0
2023-09-12,32.29187040203575
2023-09-13,0.0
2023-09-14,0.0
2023-09-15,16.145935201017874
2023-09-16,43.396832445224675
2023-09-17,0.0
2023-09-18,0.0
2023-09-19,6.619405643896678
2023-09-20,0.0
2023-09-21,0.0
2023-09-22,35.36062083366743
2023-09-23,0.0
2023-09-24,16.20334223291616
2023-09-25,0.0
2023-09-26,5.359992665504022
2023-09-27,0.0
2023-09-28,0.0
2023-09-29,13.649215151088718
2023-09-30,4.155936052594696
2023-10-01,0.0
2023-10-02,0.0
2023-10-03,3.355825336709498
2023-10-04,0.0
2023-10-05,28.104972256521318
2023-10-06,0.030926118885343648
2023-10-07,19.227764641410054
2023-10-08,6.334805215382921
2023-10-09,15.46483316433452
2023-10-10,0.0
2023-10-11,21.783322714385797
2023-10-12,2.0453762318390796
2023-10-13,9.925590558132685
2023-10-14,13.647297237243368
2023-10-15,0.0
2023-10-16,1.6262847205289248
2023-10-17,12.94923812356231
2023-10-18,0.0
2023-10-19,6.098004115247399
2023-10-20,6.090098807866976
2023-10-21,2.450775029813042
2023-10-22,6.253116911922164
2023-10-23,4.142984490731991
2023-10-24,0.0
2023-10-25,1.3731965225938718
2023-10-26,14.175609369463077
2023-10-27,0.0
2023-10-28,0.2192105413901485
2023-10-29,14.987418822668909
2023-10-30,13.168438773194028
2023-10-31,27.42303485786758
2023-11-01,0.0
2023-11-02,0.0
2023-11-03,1.3294076675464008
2023-11-04,5.894670691203534
2023-11-05,6.312017767147191
2023-11-06,23.273846386220963
2023-11-07,8.189451833628235
2023-11-08,0.0
2023-11-09,1.7824793947287927
2023-11-10,0.0
2023-11-11,1.870709258463507
2023-11-12,5.117526829056093
2023-11-13,5.392904045138423
2023-11-14,0.46148071650348016
2023-11-15,10.267177520278999
2023-11-16,4.060451351633353
2023-11-17,2.977743633105446
2023-11-18,0.0
2023-11-19,0.0
2023-11-20,0.0
2023-11-21,0.0
2023-11-22,0.5246611086368262
2023-11-23,4.641379199404231
2023-11-24,2.350164045821747
2023-11-25,5.102296558110209
2023-11-26,45.33728493611068
2023-11-27,0.0
2023-11-28,7.12716686718152
2023-11-29,0.0
2023-11-30,6.4459174561664785
2023-12-01,10.871349928449227
2023-12-02,0.0
2023-12-03,0.0
2023-12-04,0.0
2023-12-05,0.0
2023-12-06,1.9109240954715014
2023-12-07,0.0
2023-12-08,0.0
2023-12-09,0.0
2023-12-10,0.0
2023-12-11,0.0
2023-12-12,0.0
2023-12-13,0.0
2023-12-14,0.0
2023-12-15,0.0
2023-12-16,0.0
2023-12-17,0.0
2023-12-18,0.0
2023-12-19,0.0
2023-12-20,0.0
2023-12-21,0.0
2023-12-22,0.0
2023-12-23,0.0
2023-12-24,0.0
2023-12-25,0.0
2023-12-26,0.0
2023-12-27,0.0
2023-12-28,0.0
2023-12-29,0.0
2023-12-30,0.0
2023-12-31,0.0
2024-01-01,0.0
2024-01-02,0.0
2024-01-03,0.0
2024-01-04,1.0850730461109857
2024-01-05,1.7528383764686182
2024-01-06,0.0
2024-01-07,0.0
2024-01-08,0.0
2024-01-09,2.227782734648168
2024-01-10,0.0
2024-01-11,0.0
2024-01-12,0.0
2024-01-13,0.0
2024-01-14,0.0
2024-01-15,0.0
2024-01-16,0.0
2024-01-17,0.0
2024-01-18,0.0
2024-01-19,0.0
2024-01-20,0.0
2024-01-21,0.0
2024-01-22,0.0
2024-01-23,0.0
2024-01-24,3.4817811021524148
2024-01-25,1.7537150815194598
2024-01-26,0.0
2024-01-27,0.0
2024-01-28,0.0
2024-01-29,0.0
2024-01-30,0.0
2024-01-31,0.0
2024-02-01,0.0
2024-02-02,0.0
2024-02-03,0.0
2024-02-04,0.0
2024-02-05,0.0
2024-02-06,0.0
2024-02-07,0.0
2024-02-08,0.0
2024-02-09,0.0
2024-02-10,0.0
2024-02-11,0.0
2024-02-12,0.0
2024-02-13,0.0
2024-02-14,0.0
2024-02-15,0.0
2024-02-16,0.0
2024-02-17,0.0
2024-02-18,6.640639060127341
2024-02-19,5.161519084263386
2024-02-20,0.0
2024-02-21,9.021598269809543
2024-02-22,1.0792308785277902
2024-02-23,0.5439076538599501
2024-02-24,2.200383772011018
2024-02-25,0.0
2024-02-26,0.0
2024-02-27,0.0
2024-02-28,0.0
2024-02-29,11.907255658225562
2024-03-01,5.9052737296635325
2024-03-02,0.0
2024-03-03,12.415985998393749
2024-03-04,0.0
2024-03-05,0.0
2024-03-06,1.8343475086657648
2024-03-07,9.60757379257164
2024-03-08,0.0
2024-03-09,8.22612250888803
2024-03-10,0.0
2024-03-11,0.0
2024-03-12,0.0
2024-03-13,0.0
2024-03-14,1.4535677857748328
2024-03-15,2.3313873618113377
2024-03-16,0.03319097412476035
2024-03-17,0.0
2024-03-18,0.0
2024-03-19,1.9674296458213871
2024-03-20,0.5052412440609619
2024-03-21,4.24565973569993
2024-03-22,4.24565973569993
2024-03-23,0.0
2024-03-24,0.0
2024-03-25,4.24565973569993
2024-03-26,0.0
2024-03-27,0.0
2024-03-28,0.0
2024-03-29,0.4834084829913876
2024-03-30,0.0
2024-03-31,0.0
2024-04-01,4.65047029756201
2024-04-02,0.0
2024-04-03,8.4764266827738
2024-04-04,0.0
2024-04-05,4.996011844633817
2024-04-06,3.4817971410643858
2024-04-07,0.0
2024-04-08,6.646134159082762
2024-04-09,0.0
2024-04-10,2.665503767332437
2024-04-11,1.1320965426974582e-06
2024-04-12,0.11117977950822285
2024-04-13,0.36572574173276995
2024-04-14,0.47169192113873354
2024-04-15,0.7222879119007457
2024-04-16,9.762710813141346
2024-04-17,0.14170462747775697
2024-04-18,0.0
2024-04-19,0.0
2024-04-20,0.0
2024-04-21,18.931417590614853
2024-04-22,0.0718647195312032
2024-04-23,10.817953443557082
2024-04-24,0.0
2024-04-25,0.0
2024-04-26,0.11365690862826432
2024-04-27,0.0
2024-04-28,0.0
2024-04-29,1.3595756983562943
2024-04-30,1.2754221079718269
2024-05-01,15.989889307923818
2024-05-02,0.0
2024-05-03,9.560828151595391
2024-05-04,0.0
2024-05-05,0.0
2024-05-06,9.515925536696136
2024-05-07,3.7579541233978797
2024-05-08,1.1975950637905763
2024-05-09,0.446404537187193
2024-05-10,0.13834176678618718
2024-05-11,16.534759333078462
2024-05-12,4.1336898332696155
2024-05-13,4.157255902541155
2024-05-14,4.1336898332696155
2024-05-15,0.0
2024-05-16,26.76003907453887
2024-05-17,6.834836485838251
2024-05-18,0.1436204352534482
2024-05-19,4.530317120650595
2024-05-20,3.269720513595218
2024-05-21,0.0
2024-05-22,19.092048223420242
2024-05-23,0.0
2024-05-24,13.604810618577933
2024-05-25,35.956018671813275
2024-05-26,0.0
2024-05-27,0.0
2024-05-28,0.9963668033191394
2024-05-29,0.0
2024-05-30,8.064683363000231
2024-05-31,16.43197744192746
2024-06-01,1.0058117732452316
2024-06-02,17.10318811729541
2024-06-03,0.0
2024-06-04,3.2848452514010664
2024-06-05,0.0
2024-06-06,34.28649618988419
2024-06-07,0.0
2024-06-08,7.9500658220997
2024-06-09,8.222244792381677
2024-06-10,0.0
2024-06-11,3.9658066105230496
2024-06-12,1.1812631487659762
2024-06-13,2.7167726209481655
2024-06-14,17.269538561403568
2024-06-15,33.15232335617936
2024-06-16,0.0
2024-06-17,4.874938531301137
2024-06-18,7.84432353194087
2024-06-19,0.0
2024-06-20,14.38175361307248
2024-06-21,44.20742885396118
2024-06-22,0.0
2024-06-23,12.456117144508818
2024-06-24,19.04184760282991
2024-06-25,4.832360766272883
2024-06-26,31.521239510609647
2024-06-27,2.3865628875488785
2024-06-28,16.91365163835348
2024-06-29,52.21192109233974
2024-06-30,1.3525314778929292
2024-07-01,14.408323101349453
2024-07-02,43.673908866638676
2024-07-03,34.14323549025792
2024-07-04,0.0
2024-07-05,0.0
2024-07-06,0.0
2024-07-07,2.750475387537412
2024-07-08,5.874673822632265
2024-07-09,0.0
2024-07-10,5.123556111556109
2024-07-11,19.997126385802844
2024-07-12,0.0
2024-07-13,0.0
2024-07-14,0.0
2024-07-15,0.0
2024-07-16,0.0
2024-07-17,0.0
2024-07-18,0.0
2024-07-19,0.0
2024-07-20,3.4943003172268337
2024-07-21,0.0
2024-07-22,0.0
2024-07-23,0.0
2024-07-24,0.0
2024-07-25,0.0
2024-07-26,0.0
2024-07-27,0.0
2024-07-28,0.0
2024-07-29,0.6125620528169178
2024-07-30,0.0
2024-07-31,0.0
2024-08-01,0.0
2024-08-02,0.0
2024-08-03,0.0
2024-08-04,0.0
2024-08-05,0.0
2024-08-06,0.0
2024-08-07,0.0
2024-08-08,0.0
2024-08-09,0.0
2024-08-10,0.0
2024-08-11,0.0
2024-08-12,0.0
2024-08-13,0.0
2024-08-14,0.0
2024-08-15,0.0
2024-08-16,0.0
2024-08-17,0.0
2024-08-18,0.0
2024-08-19,8.818610209558784
2024-08-20,0.004574160763974032
2024-08-21,0.32158607325668853
2024-08-22,2.407304160880087
2024-08-23,5.228032376964763
2024-08-24,7.145326076930366
2024-08-25,1.634657932805806
2024-08-26,2.1912961637667743
2024-08-27,3.521583306692359
2024-08-28,1.4439191000866156
2024-08-29,1.0011305276983293
2024-08-30,3.4748936132408352
2024-08-31,5.834208089109503
2024-09-01,0.0
2024-09-02,0.0
2024-09-03,0.0
2024-09-04,0.0
2024-09-05,0.0
2024-09-06,0.0
2024-09-07,0.0
2024-09-08,0.0
2024-09-09,0.0
2024-09-10,0.0
2024-09-11,3.1330853563289605
2024-09-12,2.857351945054181
2024-09-13,3.2001658865415687
2024-09-14,3.0020082618716972
2024-09-15,1.8350895233802222
2024-09-16,0.0
2024-09-17,30.758316037053238
2024-09-18,4.205179577554549
2024-09-19,0.0
2024-09-20,0.0
2024-09-21,0.0
2024-09-22,0.0
2024-09-23,0.0
2024-09-24,4.727421165035155
2024-09-25,16.197957076799444
2024-09-26,0.0
2024-09-27,0.0
2024-09-28,0.0
2024-09-29,0.0
2024-09-30,0.0
2024-10-01,0.8883994852070818
2024-10-02,0.9029413798150976
2024-10-03,2.493557022971964
2024-10-04,5.9471821159441625
2024-10-05,11.165238430295505
2024-10-06,16.83634308777381
2024-10-07,21.079677628067483
2024-10-08,11.973993817343146
2024-10-09,0.0
2024-10-10,0.0
2024-10-11,0.43074805033378627
2024-10-12,46.14553235125079
2024-10-13,3.2751868187672066
2024-10-14,0.43074805033378627
2024-10-15,1.5592400727603462
2024-10-16,14.422322200997293
2024-10-17,57.34863701416094
2024-10-18,1.2160266955046635
2024-10-19,0.0
2024-10-20,13.232063236427667
2024-10-21,0.15335426438056313
2024-10-22,17.96475728303101
2024-10-23,0.0
2024-10-24,10.53659354393827
2024-10-25,22.30166793421947
2024-10-26,0.0
2024-10-27,0.0
2024-10-28,71.50972703134708
2024-10-29,0.0
2024-10-30,0.0
2024-10-31,0.0
2024-11-01,10.609780086602136
2024-11-02,1.4672898216850696
2024-11-03,0.3257515517785987
2024-11-04,4.352681523348737
2024-11-05,0.0
2024-11-06,1.5277715090594595
2024-11-07,11.919805900559401
2024-11-08,0.0
2024-11-09,0.9456723535068349
2024-11-10,10.432710334369371
2024-11-11,4.243987717924077
2024-11-12,4.224461488598351
2024-11-13,0.0
2024-11-14,8.487975435848155
2024-11-15,6.0415018106447445
2024-11-16,0.0
2024-11-17,0.24672794939207154
2024-11-18,0.0
2024-11-19,0.0
2024-11-20,0.0
2024-11-21,0.0
2024-11-22,1.3262490633508903
2024-11-23,5.538906176387332
2024-11-24,0.0
2024-11-25,0.0
2024-11-26,0.0
2024-11-27,0.0
2024-11-28,0.0
2024-11-29,0.0
2024-11-30,0.0
2024-12-01,0.0
2024-12-02,0.0
2024-12-03,0.0
2024-12-04,0.04586363361265485
2024-12-05,0.0
2024-12-06,0.0
2024-12-07,0.039083361401734094
2024-12-08,0.0
2024-12-09,0.0
2024-12-10,0.0
2024-12-11,0.0
2024-12-12,0.0
2024-12-13,0.0
2024-12-14,0.0
2024-12-15,0.0
2024-12-16,0.0
2024-12-17,0.0
2024-12-18,0.00990574040409917
2024-12-19,0.0
2024-12-20,0.0
2024-12-21,0.0
2024-12-22,0.0
2024-12-23,0.0
2024-12-24,0.0
2024-12-25,0.0
2024-12-26,0.0
2024-12-27,0.0
2024-12-28,0.0
2024-12-29,0.0
2024-12-30,0.0
2024-12-31,0.0
2025-01-01,0.0
2025-01-02,0.0
2025-01-03,0.0
2025-01-04,0.0
2025-01-05,0.0
2025-01-06,0.0
2025-01-07,0.0
2025-01-08,0.0
2025-01-09,0.0
2025-01-10,0.0
2025-01-11,0.0
2025-01-12,0.0
2025-01-13,0.0
2025-01-14,0.0
2025-01-15,0.0
2025-01-16,0.0
2025-01-17,0.0
2025-01-18,6.591937041984325
2025-01-19,0.0
2025-01-20,0.0
2025-01-21,0.015168045659980497
2025-01-22,0.0
2025-01-23,3.724298966251916
2025-01-24,0.18974391325291204
2025-01-25,0.4544231752511032
2025-01-26,1.3763721981642767
2025-01-27,0.0
2025-01-28,0.0
2025-01-29,0.5431102756492482
2025-01-30,0.0
2025-01-31,0.12038489543577995
2025-02-01,1.9030388524253143
2025-02-02,2.507233380375613
2025-02-03,0.0
2025-02-04,0.0
2025-02-05,0.0
2025-02-06,0.6664526389028852
2025-02-07,1.651284945294793
2025-02-08,5.061110297291444
2025-02-09,0.9531323894270528
2025-02-10,1.60875992914551
2025-02-11,0.0
2025-02-12,0.0
2025-02-13,0.0
2025-02-14,0.0
2025-02-15,1.5009995710125699
2025-02-16,0.0
2025-02-17,0.0
2025-02-18,4.39784503147314
2025-02-19,0.0
2025-02-20,0.0
2025-02-21,0.0
2025-02-22,3.825302827933019
2025-02-23,9.210994175097012
2025-02-24,0.013391982337125186
2025-02-25,0.0
2025-02-26,12.078165245414455
2025-02-27,0.0
2025-02-28,3.892536547606486
2025-03-01,0.0
2025-03-02,0.0
2025-03-03,0.0
2025-03-04,0.026118837898794236
2025-03-05,6.251408454396984
2025-03-06,0.7621942017700946
2025-03-07,0.0
2025-03-08,0.0
2025-03-09,0.0
2025-03-10,3.7036428853878776
2025-03-11,9.325596596796064
2025-03-12,6.503968515915653
2025-03-13,4.410774625758493
2025-03-14,0.08508100282720425
2025-03-15,0.0
2025-03-16,7.615531162463209
2025-03-17,2.5144900962122545
2025-03-18,2.6313162625545106
2025-03-19,1.9014044594749782
2025-03-20,4.015312626500688
2025-03-21,2.7699973964661306
2025-03-22,3.720879060369622
2025-03-23,3.5369874683856675
2025-03-24,7.073974936771335
2025-03-25,0.0
2025-03-26,8.103586629247697
2025-03-27,0.0
2025-03-28,4.352408137855936
2025-03-29,0.0
2025-03-30,0.2652192312848516
2025-03-31,15.247409320131425
2025-04-01,13.768046738881953
2025-04-02,18.855437933241642
2025-04-03,9.427718966620821
2025-04-04,0.0
2025-04-05,0.0
2025-04-06,0.6158234956268975
2025-04-07,0.0
2025-04-08,0.0
2025-04-09,6.563216327650517
2025-04-10,2.710884844390915
2025-04-11,7.430627336484163
2025-04-12,8.692147892717282
2025-04-13,4.559185668984727
2025-04-14,9.689133056193947
2025-04-15,2.786811180837318
2025-04-16,1.578852535413815
2025-04-17,11.452535783341323
2025-04-18,1.089945104544657
2025-04-19,2.906002406037892
2025-04-20,0.041682550141269446
2025-04-21,0.0
2025-04-22,9.772656634216691
2025-04-23,19.545313268433382
2025-04-24,0.0
2025-04-25,0.0
2025-04-26,20.036002234958758
2025-04-27,0.0
2025-04-28,10.333197431409069
2025-04-29,8.915702067394891
2025-04-30,0.0
2025-05-01,5.223566699864048
2025-05-02,9.865515302253206
2025-05-03,0.0
2025-05-04,0.0
2025-05-05,0.0
2025-05-06,1.1857676344807624
2025-05-07,1.3807031791435609
2025-05-08,5.302266658658751
2025-05-09,0.7837305132605245
2025-05-10,0.0031264665991710253
2025-05-11,0.0
2025-05-12,0.0
2025-05-13,8.205222895090179
2025-05-14,0.0
2025-05-15,0.0
2025-05-16,0.0
2025-05-17,16.64070300154188
2025-05-18,21.205688080044194
2025-05-19,3.2724285267559376
2025-05-20,6.932932056780526
2025-05-21,0.0
2025-05-22,0.0
2025-05-23,0.0
2025-05-24,12.221358483182543
2025-05-25,0.0
2025-05-26,0.0
2025-05-27,0.0
2025-05-28,11.080961997910595
2025-05-29,27.019818719208203
2025-05-30,0.0
2025-05-31,0.0
2025-06-01,0.0
2025-06-02,22.873793668275194
2025-06-03,34.310690620054515
2025-06-04,13.798160827376352
2025-06-05,0.03901544002420693
2025-06-06,11.870484977941926
2025-06-07,29.87483404514263
2025-06-08,0.0
2025-06-09,0.0
2025-06-10,0.8920563457156989
2025-06-11,7.3250779966749695
2025-06-12,0.5589621772263001
2025-06-13,1.9396716848193076
2025-06-14,47.399510605154596
2025-06-15,3.106466294529294
2025-06-16,3.9238335296520983
2025-06-17,5.495208055881986
2025-06-18,0.8522110182416388
2025-06-19,26.356096381460347
2025-06-20,15.294370890410157
2025-06-21,9.500163020980157
2025-06-22,12.298663319388853
2025-06-23,5.430258045363741
2025-06-24,9.508739730008484
2025-06-25,0.0
2025-06-26,30.16758059201274
2025-06-27,0.0
2025-06-28,8.363381947736558
2025-06-29,25.584955658849957
2025-06-30,0.006487425969553203
2025-07-01,0.8189435292760805
2025-07-02,2.922649266724298
2025-07-03,8.58059728824876
2025-07-04,17.065596239224924
2025-07-05,2.44393133049692
2025-07-06,0.0
2025-07-07,0.0
2025-07-08,8.542008975631532
2025-07-09,6.42363260250653
2025-07-10,5.973230900433039
2025-07-11,0.0
2025-07-12,0.0
2025-07-13,0.0
2025-07-14,0.0
2025-07-15,0.0
2025-07-16,0.0
2025-07-17,0.0
2025-07-18,0.0
2025-07-19,0.0
2025-07-20,0.0
2025-07-21,0.0
2025-07-22,0.0
2025-07-23,0.0
2025-07-24,0.0
2025-07-25,0.0
2025-07-26,0.0
2025-07-27,0.0
2025-07-28,0.0
2025-07-29,0.0
2025-07-30,0.0
2025-07-31,7.894927989563201
2025-08-01,0.0
2025-08-02,0.0
2025-08-03,0.6179146912968301
2025-08-04,65.59823083608839
2025-08-05,0.0
2025-08-06,0.0
2025-08-07,0.0
2025-08-08,0.0
2025-08-09,0.0
2025-08-10,0.0
2025-08-11,0.0
2025-08-12,0.0
2025-08-13,0.0
2025-08-14,0.0
2025-08-15,1.09902285260563
2025-08-16,0.0
2025-08-17,0.0
2025-08-18,0.0
2025-08-19,0.0
2025-08-20,0.0
2025-08-21,0.0
2025-08-22,0.0
2025-08-23,0.0
2025-08-24,0.0
2025-08-25,0.0
2025-08-26,6.473516628603378
2025-08-27,0.0
2025-08-28,0.0
2025-08-29,0.0
2025-08-30,0.0
2025-08-31,0.0
2025-09-01,0.0
2025-09-02,0.0
2025-09-03,0.0
2025-09-04,0.0
2025-09-05,0.0
2025-09-06,0.0
2025-09-07,0.0
2025-09-08,0.10834464716329081
2025-09-09,0.0
2025-09-10,0.0
2025-09-11,0.0
2025-09-12,42.77256908189825
2025-09-13,0.0
2025-09-14,0.0
2025-09-15,10.420535243445812
2025-09-16,42.85796504358092
2025-09-17,0.0786076362385329
2025-09-18,21.477947439935413
2025-09-19,0.0
2025-09-20,0.0
2025-09-21,0.0
2025-09-22,23.28382199334591
2025-09-23,5.2334005054863235
2025-09-24,28.144766713801072
2025-09-25,0.0
2025-09-26,0.0
2025-09-27,0.0
2025-09-28,6.150088936370392
2025-09-29,0.04152284746402939
2025-09-30,11.687177608814851
2025-10-01,22.710470547135657
2025-10-02,0.0
2025-10-03,0.0
2025-10-04,0.0
2025-10-05,21.04833986166499
2025-10-06,0.20305060457645838
2025-10-07,25.14652560514141
2025-10-08,5.901120801530335
2025-10-09,0.1843489931619906
2025-10-10,2.7075934574315905
2025-10-11,5.63926008632949
2025-10-12,17.683096303444174
2025-10-13,0.0
2025-10-14,10.032887316377145
2025-10-15,0.7483281704061243
2025-10-16,8.213248432914243
2025-10-17,0.0
2025-10-18,3.2988447174849784
2025-10-19,1.3007352258088671
2025-10-20,5.528111414007643
2025-10-21,0.0
2025-10-22,13.995144843756597
2025-10-23,13.365001829848413
2025-10-24,11.00458110774691
2025-10-25,0.0
2025-10-26,10.790987151820136
2025-10-27,0.0
2025-10-28,23.361067109654382
2025-10-29,0.0
2025-10-30,10.70307409098989
2025-10-31,2.8245888461003696
2025-11-01,0.0
2025-11-02,0.0
2025-11-03,23.541683199410155
2025-11-04,0.0
2025-11-05,39.16061370195116
2025-11-06,0.021134265005103337
2025-11-07,0.0
2025-11-08,8.551846806974659
2025-11-09,0.0
2025-11-10,0.0
2025-11-11,15.229191119624588
2025-11-12,9.167203708969957
2025-11-13,7.4714825528072595
2025-11-14,0.0
2025-11-15,0.633093500704637
2025-11-16,0.0
2025-11-17,0.0
2025-11-18,8.38128033412869
2025-11-19,0.0
2025-11-20,0.0
2025-11-21,1.9695321350972508
2025-11-22,13.782924302458845
2025-11-23,26.477579215950875
2025-11-24,0.00018348308597614565
2025-11-25,0.0019074213284586252
2025-11-26,0.0
2025-11-27,0.15831833279883503
2025-11-28,0.0
2025-11-29,5.9434641233144445
2025-11-30,42.72993951509652
2025-12-01,7.671282268720041
2025-12-02,0.0
2025-12-03,0.0
2025-12-04,0.0
2025-12-05,0.0
2025-12-06,0.0
2025-12-07,0.0
2025-12-08,6.582740532806985
2025-12-09,2.176801638895822
2025-12-10,0.0
2025-12-11,13.82781656443812
2025-12-12,0.0
2025-12-13,2.4304889226303152
2025-12-14,0.0
2025-12-15,12.161132230412314
2025-12-16,0.0
2025-12-17,0.0
2025-12-18,4.813596545418279
2025-12-19,0.0
2025-12-20,0.0
2025-12-21,0.0
2025-12-22,0.0
2025-12-23,0.0
2025-12-24,0.0
2025-12-25,0.0
2025-12-26,0.0
2025-12-27,4.697640109674292
2025-12-28,0.0
2025-12-29,0.0
2025-12-30,0.0
